-1.000000000000000056e-01,-4.712181549999999909e-05,-1.000000000000000056e-01,-4.712181550000000586e-04,-1.000000000000000056e-01,-6.130963299999999143e-04,-1.000000000000000056e-01,-6.375654500000000301e-04,-1.000000000000000056e-01,-6.442411119999999188e-04
-8.999999999999999667e-02,-4.712181549999999909e-05,-8.999999999999999667e-02,-4.712181550000000586e-04,-8.999999999999999667e-02,-6.111027399999999481e-04,-8.999999999999999667e-02,-6.355666749999999655e-04,-8.999999999999999667e-02,-6.422421159999999784e-04
-8.000000000000000167e-02,-4.712181549999999909e-05,-8.000000000000000167e-02,-4.712180700000000188e-04,-8.000000000000000167e-02,-6.091091499999999820e-04,-8.000000000000000167e-02,-6.335679000000000094e-04,-8.000000000000000167e-02,-6.402430519999999844e-04
-7.000000000000000666e-02,-4.712181549999999909e-05,-7.000000000000000666e-02,-4.712180700000000188e-04,-7.000000000000000666e-02,-6.071155599999999075e-04,-7.000000000000000666e-02,-6.315695499999999813e-04,-7.000000000000000666e-02,-6.382440559999999355e-04
-5.999999999999999778e-02,-4.712181549999999909e-05,-5.999999999999999778e-02,-4.712180700000000188e-04,-5.999999999999999778e-02,-6.051219699999999414e-04,-5.999999999999999778e-02,-6.295707750000000252e-04,-5.999999999999999778e-02,-6.362449919999999415e-04
-5.000000000000000278e-02,-4.712181549999999909e-05,-5.000000000000000278e-02,-4.712180700000000188e-04,-5.000000000000000278e-02,-6.031283799999999752e-04,-5.000000000000000278e-02,-6.275719999999999606e-04,-5.000000000000000278e-02,-6.342459279999999476e-04
-4.000000000000000083e-02,-4.712181549999999909e-05,-4.000000000000000083e-02,-4.712180700000000188e-04,-4.000000000000000083e-02,-6.011347899999999007e-04,-4.000000000000000083e-02,-6.255736500000000410e-04,-4.000000000000000083e-02,-6.322469320000000071e-04
-2.999999999999999889e-02,-4.712181549999999909e-05,-2.999999999999999889e-02,-4.712180700000000188e-04,-2.999999999999999889e-02,-5.991411999999999346e-04,-2.999999999999999889e-02,-6.235748749999999764e-04,-2.999999999999999889e-02,-6.302478679999999047e-04
-2.000000000000000042e-02,-4.712181549999999909e-05,-2.000000000000000042e-02,-4.712180700000000188e-04,-2.000000000000000042e-02,-5.971476099999999685e-04,-2.000000000000000042e-02,-6.215765249999999483e-04,-2.000000000000000042e-02,-6.282488719999999643e-04
-1.000000000000000021e-02,-4.712181549999999909e-05,-1.000000000000000021e-02,-4.712179850000000332e-04,-1.000000000000000021e-02,-5.951540199999998939e-04,-1.000000000000000021e-02,-6.195777499999999922e-04,-1.000000000000000021e-02,-6.262498079999999703e-04
-1.040830000000000031e-17,-4.712181549999999909e-05,-1.040830000000000031e-17,-4.712178999999999934e-04,-1.040830000000000031e-17,-5.931603449999999422e-04,-1.040830000000000031e-17,-6.175794000000000726e-04,-1.040830000000000031e-17,-6.242508120000000299e-04
1.000000000000000021e-02,-4.712181549999999909e-05,1.000000000000000021e-02,-4.712178150000000077e-04,1.000000000000000021e-02,-5.911667549999999761e-04,1.000000000000000021e-02,-6.155806250000000080e-04,1.000000000000000021e-02,-6.222517479999999275e-04
2.000000000000000042e-02,-4.712181549999999909e-05,2.000000000000000042e-02,-4.712177300000000221e-04,2.000000000000000042e-02,-5.891731650000000100e-04,2.000000000000000042e-02,-6.135818499999999434e-04,2.000000000000000042e-02,-6.202527519999999871e-04
2.999999999999999889e-02,-4.712181549999999909e-05,2.999999999999999889e-02,-4.712175599999999967e-04,2.999999999999999889e-02,-5.871795749999999354e-04,2.999999999999999889e-02,-6.115834999999999154e-04,2.999999999999999889e-02,-6.182536879999998847e-04
4.000000000000000083e-02,-4.712181549999999909e-05,4.000000000000000083e-02,-4.712172200000000000e-04,4.000000000000000083e-02,-5.851858999999998753e-04,4.000000000000000083e-02,-6.095847250000000677e-04,4.000000000000000083e-02,-6.162546239999999991e-04
5.000000000000000278e-02,-4.712181549999999909e-05,5.000000000000000278e-02,-4.712167950000000177e-04,5.000000000000000278e-02,-5.831923100000000176e-04,5.000000000000000278e-02,-6.075863750000000396e-04,5.000000000000000278e-02,-6.142556279999999503e-04
5.999999999999999778e-02,-4.712181549999999909e-05,5.999999999999999778e-02,-4.712161150000000243e-04,5.999999999999999778e-02,-5.811987199999999430e-04,5.999999999999999778e-02,-6.055875999999999751e-04,5.999999999999999778e-02,-6.122565639999999563e-04
7.000000000000000666e-02,-4.712181549999999909e-05,7.000000000000000666e-02,-4.712151799999999657e-04,7.000000000000000666e-02,-5.792050449999998829e-04,7.000000000000000666e-02,-6.035892499999999470e-04,7.000000000000000666e-02,-6.102575679999999074e-04
8.000000000000000167e-02,-4.712181549999999909e-05,8.000000000000000167e-02,-4.712138200000000332e-04,8.000000000000000167e-02,-5.772114550000000252e-04,8.000000000000000167e-02,-6.015904749999999909e-04,8.000000000000000167e-02,-6.082585040000000219e-04
8.999999999999999667e-02,-4.712181549999999909e-05,8.999999999999999667e-02,-4.712116950000000675e-04,8.999999999999999667e-02,-5.752178649999999506e-04,8.999999999999999667e-02,-5.995917000000000347e-04,8.999999999999999667e-02,-6.062594399999999195e-04
1.000000000000000056e-01,-4.712181549999999909e-05,1.000000000000000056e-01,-4.712085500000000034e-04,1.000000000000000056e-01,-5.732241899999998905e-04,1.000000000000000056e-01,-5.975933500000000067e-04,1.000000000000000056e-01,-6.042604439999999790e-04
1.100000000000000006e-01,-4.712181549999999909e-05,1.100000000000000006e-01,-4.712039600000000211e-04,1.100000000000000006e-01,-5.712305999999999244e-04,1.100000000000000006e-01,-5.955945750000000505e-04,1.100000000000000006e-01,-6.022613799999999851e-04
1.199999999999999956e-01,-4.712181549999999909e-05,1.199999999999999956e-01,-4.711970749999999934e-04,1.199999999999999956e-01,-5.692369249999999726e-04,1.199999999999999956e-01,-5.935962250000000225e-04,1.199999999999999956e-01,-6.002623839999999362e-04
1.300000000000000044e-01,-4.712181549999999909e-05,1.300000000000000044e-01,-4.711868750000000388e-04,1.300000000000000044e-01,-5.672432500000000209e-04,1.300000000000000044e-01,-5.915974499999999579e-04,1.300000000000000044e-01,-5.982633199999999422e-04
1.400000000000000133e-01,-4.712181549999999909e-05,1.400000000000000133e-01,-4.711719149999999681e-04,1.400000000000000133e-01,-5.652496599999999463e-04,1.400000000000000133e-01,-5.895990999999999298e-04,1.400000000000000133e-01,-5.962643239999998934e-04
1.499999999999999944e-01,-4.712181549999999909e-05,1.499999999999999944e-01,-4.711498150000000213e-04,1.499999999999999944e-01,-5.632559849999998862e-04,1.499999999999999944e-01,-5.876003250000000821e-04,1.499999999999999944e-01,-5.942652599999998994e-04
1.600000000000000033e-01,-4.712181549999999909e-05,1.600000000000000033e-01,-4.711172600000000004e-04,1.600000000000000033e-01,-5.612623950000000285e-04,1.600000000000000033e-01,-5.856019750000000541e-04,1.600000000000000033e-01,-5.922661960000000139e-04
1.700000000000000122e-01,-4.712181549999999909e-05,1.700000000000000122e-01,-4.710698300000000028e-04,1.700000000000000122e-01,-5.592687199999999683e-04,1.700000000000000122e-01,-5.836031999999999895e-04,1.700000000000000122e-01,-5.902671999999999650e-04
1.799999999999999933e-01,-4.712181549999999909e-05,1.799999999999999933e-01,-4.710009800000000517e-04,1.799999999999999933e-01,-5.572750450000000166e-04,1.799999999999999933e-01,-5.816044249999999249e-04,1.799999999999999933e-01,-5.882681359999999710e-04
1.900000000000000022e-01,-4.712181549999999909e-05,1.900000000000000022e-01,-4.709022100000000133e-04,1.900000000000000022e-01,-5.552813699999999564e-04,1.900000000000000022e-01,-5.796060750000000053e-04,1.900000000000000022e-01,-5.862691399999999222e-04
2.000000000000000111e-01,-4.712181549999999909e-05,2.000000000000000111e-01,-4.707624699999999685e-04,2.000000000000000111e-01,-5.532877799999998819e-04,2.000000000000000111e-01,-5.776073000000000492e-04,2.000000000000000111e-01,-5.842700760000000366e-04
2.099999999999999922e-01,-4.712181549999999909e-05,2.099999999999999922e-01,-4.705685000000000466e-04,2.099999999999999922e-01,-5.512941050000000386e-04,2.099999999999999922e-01,-5.756089500000000211e-04,2.099999999999999922e-01,-5.822710119999999342e-04
2.200000000000000011e-01,-4.712181549999999909e-05,2.200000000000000011e-01,-4.703055100000000399e-04,2.200000000000000011e-01,-5.493004299999999784e-04,2.200000000000000011e-01,-5.736101749999999565e-04,2.200000000000000011e-01,-5.802720159999999938e-04
2.300000000000000100e-01,-4.712181549999999909e-05,2.300000000000000100e-01,-4.699585400000000400e-04,2.300000000000000100e-01,-5.473067550000000267e-04,2.300000000000000100e-01,-5.716118250000000369e-04,2.300000000000000100e-01,-5.782729519999998914e-04
2.399999999999999911e-01,-4.712181549999999909e-05,2.399999999999999911e-01,-4.695150100000000074e-04,2.399999999999999911e-01,-5.453130799999999665e-04,2.399999999999999911e-01,-5.696130499999999723e-04,2.399999999999999911e-01,-5.762739559999999510e-04
2.500000000000000000e-01,-4.712181549999999909e-05,2.500000000000000000e-01,-4.689660799999999740e-04,2.500000000000000000e-01,-5.433194049999999064e-04,2.500000000000000000e-01,-5.676142750000000162e-04,2.500000000000000000e-01,-5.742748919999999570e-04
2.600000000000000089e-01,-4.712181549999999909e-05,2.600000000000000089e-01,-4.683080949999999620e-04,2.600000000000000089e-01,-5.413257299999999547e-04,2.600000000000000089e-01,-5.656159249999999881e-04,2.600000000000000089e-01,-5.722758959999999081e-04
2.700000000000000178e-01,-4.712181549999999909e-05,2.700000000000000178e-01,-4.675424150000000124e-04,2.700000000000000178e-01,-5.393320549999998945e-04,2.700000000000000178e-01,-5.636171500000000320e-04,2.700000000000000178e-01,-5.702768319999999141e-04
2.800000000000000266e-01,-4.712181549999999909e-05,2.800000000000000266e-01,-4.666744799999999636e-04,2.800000000000000266e-01,-5.373383799999999428e-04,2.800000000000000266e-01,-5.616188000000000040e-04,2.800000000000000266e-01,-5.682777680000000286e-04
2.899999999999999800e-01,-4.712181549999999909e-05,2.899999999999999800e-01,-4.657121949999999959e-04,2.899999999999999800e-01,-5.353447049999999910e-04,2.899999999999999800e-01,-5.596200249999999394e-04,2.899999999999999800e-01,-5.662787719999999797e-04
2.999999999999999889e-01,-4.712181549999999909e-05,2.999999999999999889e-01,-4.646647400000000197e-04,2.999999999999999889e-01,-5.333510299999999309e-04,2.999999999999999889e-01,-5.576216749999999113e-04,2.999999999999999889e-01,-5.642797079999999858e-04
3.099999999999999978e-01,-4.712181549999999909e-05,3.099999999999999978e-01,-4.635413799999999851e-04,3.099999999999999978e-01,-5.313573549999999791e-04,3.099999999999999978e-01,-5.556229000000000636e-04,3.099999999999999978e-01,-5.622807119999999369e-04
3.200000000000000067e-01,-4.712181549999999909e-05,3.200000000000000067e-01,-4.623510400000000083e-04,3.200000000000000067e-01,-5.293636799999999190e-04,3.200000000000000067e-01,-5.536241249999999990e-04,3.200000000000000067e-01,-5.602816479999999429e-04
3.300000000000000155e-01,-4.712181549999999909e-05,3.300000000000000155e-01,-4.611017099999999841e-04,3.300000000000000155e-01,-5.273699199999999816e-04,3.300000000000000155e-01,-5.516257749999999710e-04,3.300000000000000155e-01,-5.582825839999999490e-04
3.400000000000000244e-01,-4.712181549999999909e-05,3.400000000000000244e-01,-4.598004450000000741e-04,3.400000000000000244e-01,-5.253762449999999215e-04,3.400000000000000244e-01,-5.496270000000000149e-04,3.400000000000000244e-01,-5.562835879999999001e-04
3.499999999999999778e-01,-4.712181549999999909e-05,3.499999999999999778e-01,-4.584535350000000270e-04,3.499999999999999778e-01,-5.233825699999999697e-04,3.499999999999999778e-01,-5.476286499999999868e-04,3.499999999999999778e-01,-5.542845239999999061e-04
3.599999999999999867e-01,-4.712181549999999909e-05,3.599999999999999867e-01,-4.570663350000000211e-04,3.599999999999999867e-01,-5.213888949999999096e-04,3.599999999999999867e-01,-5.456298750000000307e-04,3.599999999999999867e-01,-5.522855279999998573e-04
3.699999999999999956e-01,-4.712181549999999909e-05,3.699999999999999956e-01,-4.556433500000000528e-04,3.699999999999999956e-01,-5.193951349999999722e-04,3.699999999999999956e-01,-5.436310999999999661e-04,3.699999999999999956e-01,-5.502864639999999717e-04
3.800000000000000044e-01,-4.712181549999999909e-05,3.800000000000000044e-01,-4.541886599999999741e-04,3.800000000000000044e-01,-5.174014599999999121e-04,3.800000000000000044e-01,-5.416327499999999380e-04,3.800000000000000044e-01,-5.482873999999999777e-04
3.900000000000000133e-01,-4.712181549999999909e-05,3.900000000000000133e-01,-4.527056649999999685e-04,3.900000000000000133e-01,-5.154077849999999603e-04,3.900000000000000133e-01,-5.396339749999999819e-04,3.900000000000000133e-01,-5.462884039999999289e-04
4.000000000000000222e-01,-4.712181549999999909e-05,4.000000000000000222e-01,-4.511972550000000349e-04,4.000000000000000222e-01,-5.134140249999999146e-04,4.000000000000000222e-01,-5.376356249999999538e-04,4.000000000000000222e-01,-5.442893400000000433e-04
4.099999999999999756e-01,-4.712181549999999909e-05,4.099999999999999756e-01,-4.496658950000000272e-04,4.099999999999999756e-01,-5.114203499999999628e-04,4.099999999999999756e-01,-5.356368499999999977e-04,4.099999999999999756e-01,-5.422902759999999409e-04
4.199999999999999845e-01,-4.712181549999999909e-05,4.199999999999999845e-01,-4.481138799999999909e-04,4.199999999999999845e-01,-5.094265899999999170e-04,4.199999999999999845e-01,-5.336384999999999696e-04,4.199999999999999845e-01,-5.402912800000000005e-04
4.299999999999999933e-01,-4.712181549999999909e-05,4.299999999999999933e-01,-4.465429950000000033e-04,4.299999999999999933e-01,-5.074329149999999653e-04,4.299999999999999933e-01,-5.316397250000000135e-04,4.299999999999999933e-01,-5.382922159999998981e-04
4.400000000000000022e-01,-4.712181549999999909e-05,4.400000000000000022e-01,-4.449551099999999649e-04,4.400000000000000022e-01,-5.054391550000000280e-04,4.400000000000000022e-01,-5.296409499999999489e-04,4.400000000000000022e-01,-5.362932199999999577e-04
4.500000000000000111e-01,-4.712181549999999909e-05,4.500000000000000111e-01,-4.433514150000000538e-04,4.500000000000000111e-01,-5.034454799999999678e-04,4.500000000000000111e-01,-5.276426000000000293e-04,4.500000000000000111e-01,-5.342941559999999637e-04
4.600000000000000200e-01,-4.712181549999999909e-05,4.600000000000000200e-01,-4.417334399999999568e-04,4.600000000000000200e-01,-5.014517200000000305e-04,4.600000000000000200e-01,-5.256438249999999647e-04,4.600000000000000200e-01,-5.322950919999999697e-04
4.699999999999999734e-01,-4.712181549999999909e-05,4.699999999999999734e-01,-4.401021200000000038e-04,4.699999999999999734e-01,-4.994579599999999847e-04,4.699999999999999734e-01,-5.236454750000000451e-04,4.699999999999999734e-01,-5.302960959999999209e-04
4.799999999999999822e-01,-4.712181549999999909e-05,4.799999999999999822e-01,-4.384586450000000474e-04,4.799999999999999822e-01,-4.974642850000000329e-04,4.799999999999999822e-01,-5.216466999999999805e-04,4.799999999999999822e-01,-5.282970320000000353e-04
4.899999999999999911e-01,-4.712181549999999909e-05,4.899999999999999911e-01,-4.368037800000000668e-04,4.899999999999999911e-01,-4.954705249999999872e-04,4.899999999999999911e-01,-5.196483500000000609e-04,4.899999999999999911e-01,-5.262980359999999865e-04
5.000000000000000000e-01,-4.712181549999999909e-05,5.000000000000000000e-01,-4.351383749999999722e-04,5.000000000000000000e-01,-4.934767649999999414e-04,5.000000000000000000e-01,-5.176495749999999963e-04,5.000000000000000000e-01,-5.242989719999999925e-04
5.100000000000000089e-01,-4.712181549999999909e-05,5.100000000000000089e-01,-4.334631099999999740e-04,5.100000000000000089e-01,-4.914830899999999897e-04,5.100000000000000089e-01,-5.156508000000000402e-04,5.100000000000000089e-01,-5.222999079999998901e-04
5.200000000000000178e-01,-4.712181549999999909e-05,5.200000000000000178e-01,-4.317786650000000111e-04,5.200000000000000178e-01,-4.894893300000000523e-04,5.200000000000000178e-01,-5.136524500000000121e-04,5.200000000000000178e-01,-5.203009119999999496e-04
5.300000000000000266e-01,-4.712181549999999909e-05,5.300000000000000266e-01,-4.300856350000000373e-04,5.300000000000000266e-01,-4.874955699999998981e-04,5.300000000000000266e-01,-5.116536749999999476e-04,5.300000000000000266e-01,-5.183018479999999557e-04
5.400000000000000355e-01,-4.712181549999999909e-05,5.400000000000000355e-01,-4.283845300000000203e-04,5.400000000000000355e-01,-4.855018099999999065e-04,5.400000000000000355e-01,-5.096553249999999195e-04,5.400000000000000355e-01,-5.163027839999999617e-04
5.500000000000000444e-01,-4.712181549999999909e-05,5.500000000000000444e-01,-4.266758600000000365e-04,5.500000000000000444e-01,-4.835080499999999150e-04,5.500000000000000444e-01,-5.076565499999999634e-04,5.500000000000000444e-01,-5.143037879999999128e-04
5.600000000000000533e-01,-4.712181549999999909e-05,5.600000000000000533e-01,-4.249599650000000285e-04,5.600000000000000533e-01,-4.815142899999999234e-04,5.600000000000000533e-01,-5.056577750000000072e-04,5.600000000000000533e-01,-5.123047240000000273e-04
5.699999999999999512e-01,-4.712181549999999909e-05,5.699999999999999512e-01,-4.232373550000000182e-04,5.699999999999999512e-01,-4.795206149999999175e-04,5.699999999999999512e-01,-5.036594249999999792e-04,5.699999999999999512e-01,-5.103057279999999784e-04
5.799999999999999600e-01,-4.712181549999999909e-05,5.799999999999999600e-01,-4.215083700000000024e-04,5.799999999999999600e-01,-4.775268549999999259e-04,5.799999999999999600e-01,-5.016606500000000230e-04,5.799999999999999600e-01,-5.083066639999999844e-04
5.899999999999999689e-01,-4.712181549999999909e-05,5.899999999999999689e-01,-4.197732649999999922e-04,5.899999999999999689e-01,-4.755330949999999344e-04,5.899999999999999689e-01,-4.996622999999999950e-04,5.899999999999999689e-01,-5.063075999999998821e-04
5.999999999999999778e-01,-4.712181549999999909e-05,5.999999999999999778e-01,-4.180324650000000783e-04,5.999999999999999778e-01,-4.735393349999999428e-04,5.999999999999999778e-01,-4.976635250000000388e-04,5.999999999999999778e-01,-5.043086040000000500e-04
6.099999999999999867e-01,-4.712181549999999909e-05,6.099999999999999867e-01,-4.162862250000000006e-04,6.099999999999999867e-01,-4.715455749999999512e-04,6.099999999999999867e-01,-4.956651750000000108e-04,6.099999999999999867e-01,-5.023095399999999476e-04
6.199999999999999956e-01,-4.712181549999999909e-05,6.199999999999999956e-01,-4.145347150000000015e-04,6.199999999999999956e-01,-4.695517299999999740e-04,6.199999999999999956e-01,-4.936664000000000547e-04,6.199999999999999956e-01,-5.003104759999999537e-04
6.300000000000000044e-01,-4.712181549999999909e-05,6.300000000000000044e-01,-4.127782750000000235e-04,6.300000000000000044e-01,-4.675579699999999825e-04,6.300000000000000044e-01,-4.916676249999999901e-04,6.300000000000000044e-01,-4.983114799999999048e-04
6.400000000000000133e-01,-4.712181549999999909e-05,6.400000000000000133e-01,-4.110171600000000233e-04,6.400000000000000133e-01,-4.655642099999999909e-04,6.400000000000000133e-01,-4.896692749999999620e-04,6.400000000000000133e-01,-4.963124160000000193e-04
6.500000000000000222e-01,-4.712181549999999909e-05,6.500000000000000222e-01,-4.092514549999999867e-04,6.500000000000000222e-01,-4.635704499999999451e-04,6.500000000000000222e-01,-4.876704999999999517e-04,6.500000000000000222e-01,-4.943133519999999169e-04
6.600000000000000311e-01,-4.712181549999999909e-05,6.600000000000000311e-01,-4.074814150000000330e-04,6.600000000000000311e-01,-4.615766899999999536e-04,6.600000000000000311e-01,-4.856721500000000320e-04,6.600000000000000311e-01,-4.923143559999999764e-04
6.700000000000000400e-01,-4.712181549999999909e-05,6.700000000000000400e-01,-4.057072100000000251e-04,6.700000000000000400e-01,-4.595829299999999620e-04,6.700000000000000400e-01,-4.836733749999999675e-04,6.700000000000000400e-01,-4.903152919999998740e-04
6.800000000000000488e-01,-4.712181549999999909e-05,6.800000000000000488e-01,-4.039290950000000283e-04,6.800000000000000488e-01,-4.575890849999999848e-04,6.800000000000000488e-01,-4.816746000000000113e-04,6.800000000000000488e-01,-4.883162960000000420e-04
6.899999999999999467e-01,-4.712181549999999909e-05,6.899999999999999467e-01,-4.021470699999999884e-04,6.899999999999999467e-01,-4.555953249999999933e-04,6.899999999999999467e-01,-4.796762499999999833e-04,6.899999999999999467e-01,-4.863172319999999938e-04
6.999999999999999556e-01,-4.712181549999999909e-05,6.999999999999999556e-01,-4.003614750000000105e-04,6.999999999999999556e-01,-4.536015650000000017e-04,6.999999999999999556e-01,-4.776774749999999729e-04,6.999999999999999556e-01,-4.843181679999999456e-04
7.099999999999999645e-01,-4.712181549999999909e-05,7.099999999999999645e-01,-3.985723100000000403e-04,7.099999999999999645e-01,-4.516077199999999161e-04,7.099999999999999645e-01,-4.756791249999999991e-04,7.099999999999999645e-01,-4.823191719999999510e-04
7.199999999999999734e-01,-4.712181549999999909e-05,7.199999999999999734e-01,-3.967797450000000491e-04,7.199999999999999734e-01,-4.496139599999999245e-04,7.199999999999999734e-01,-4.736803499999999887e-04,7.199999999999999734e-01,-4.803201080000000112e-04
7.299999999999999822e-01,-4.712181549999999909e-05,7.299999999999999822e-01,-3.949839500000000081e-04,7.299999999999999822e-01,-4.476201999999999330e-04,7.299999999999999822e-01,-4.716819999999999607e-04,7.299999999999999822e-01,-4.783210439999999630e-04
7.399999999999999911e-01,-4.712181549999999909e-05,7.399999999999999911e-01,-3.931849250000000258e-04,7.399999999999999911e-01,-4.456263549999999558e-04,7.399999999999999911e-01,-4.696832250000000045e-04,7.399999999999999911e-01,-4.763220479999999684e-04
7.500000000000000000e-01,-4.712181549999999909e-05,7.500000000000000000e-01,-3.913828400000000192e-04,7.500000000000000000e-01,-4.436325949999999642e-04,7.500000000000000000e-01,-4.676844499999999942e-04,7.500000000000000000e-01,-4.743229840000000286e-04
7.600000000000000089e-01,-4.712181549999999909e-05,7.600000000000000089e-01,-3.895778650000000136e-04,7.600000000000000089e-01,-4.416387499999999871e-04,7.600000000000000089e-01,-4.656861000000000203e-04,7.600000000000000089e-01,-4.723239199999999804e-04
7.700000000000000178e-01,-4.712181549999999909e-05,7.700000000000000178e-01,-3.877700850000000490e-04,7.700000000000000178e-01,-4.396449899999999955e-04,7.700000000000000178e-01,-4.636873250000000100e-04,7.700000000000000178e-01,-4.703249239999999858e-04
7.800000000000000266e-01,-4.712181549999999909e-05,7.800000000000000266e-01,-3.859595000000000170e-04,7.800000000000000266e-01,-4.376511449999999641e-04,7.800000000000000266e-01,-4.616889749999999819e-04,7.800000000000000266e-01,-4.683258599999999376e-04
7.900000000000000355e-01,-4.712181549999999909e-05,7.900000000000000355e-01,-3.841462800000000513e-04,7.900000000000000355e-01,-4.356572999999999869e-04,7.900000000000000355e-01,-4.596902000000000258e-04,7.900000000000000355e-01,-4.663267959999999978e-04
8.000000000000000444e-01,-4.712181549999999909e-05,8.000000000000000444e-01,-3.823304250000000436e-04,8.000000000000000444e-01,-4.336635399999999954e-04,8.000000000000000444e-01,-4.576914249999999612e-04,8.000000000000000444e-01,-4.643278000000000032e-04
8.100000000000000533e-01,-4.712181549999999909e-05,8.100000000000000533e-01,-3.805121050000000193e-04,8.100000000000000533e-01,-4.316696949999999640e-04,8.100000000000000533e-01,-4.556930750000000416e-04,8.100000000000000533e-01,-4.623287359999999550e-04
8.199999999999999512e-01,-4.712181549999999909e-05,8.199999999999999512e-01,-3.786914050000000182e-04,8.199999999999999512e-01,-4.296759349999999724e-04,8.199999999999999512e-01,-4.536942999999999770e-04,8.199999999999999512e-01,-4.603296719999999068e-04
8.299999999999999600e-01,-4.712181549999999909e-05,8.299999999999999600e-01,-3.768683249999999862e-04,8.299999999999999600e-01,-4.276820899999999410e-04,8.299999999999999600e-01,-4.516959500000000032e-04,8.299999999999999600e-01,-4.583306760000000206e-04
8.399999999999999689e-01,-4.712181549999999909e-05,8.399999999999999689e-01,-3.750429500000000715e-04,8.399999999999999689e-01,-4.256882449999999638e-04,8.399999999999999689e-01,-4.496971749999999928e-04,8.399999999999999689e-01,-4.563316119999999724e-04
8.499999999999999778e-01,-4.712181549999999909e-05,8.499999999999999778e-01,-3.732153650000000428e-04,8.499999999999999778e-01,-4.236943999999999867e-04,8.499999999999999778e-01,-4.476983999999999825e-04,8.499999999999999778e-01,-4.543326159999999778e-04
8.599999999999999867e-01,-4.712181549999999909e-05,8.599999999999999867e-01,-3.713855700000000086e-04,8.599999999999999867e-01,-4.217005549999999553e-04,8.599999999999999867e-01,-4.457000499999999544e-04,8.599999999999999867e-01,-4.523335519999999296e-04
8.699999999999999956e-01,-4.712181549999999909e-05,8.699999999999999956e-01,-3.695537349999999943e-04,8.699999999999999956e-01,-4.197067949999999637e-04,8.699999999999999956e-01,-4.437012749999999983e-04,8.699999999999999956e-01,-4.503344879999999898e-04
8.800000000000000044e-01,-4.712181549999999909e-05,8.800000000000000044e-01,-3.677198600000000000e-04,8.800000000000000044e-01,-4.177129499999999865e-04,8.800000000000000044e-01,-4.417029249999999702e-04,8.800000000000000044e-01,-4.483354919999999952e-04
8.900000000000000133e-01,-4.712181549999999909e-05,8.900000000000000133e-01,-3.658840300000000111e-04,8.900000000000000133e-01,-4.157191049999999551e-04,8.900000000000000133e-01,-4.397041500000000141e-04,8.900000000000000133e-01,-4.463364279999999470e-04
9.000000000000000222e-01,-4.712181549999999909e-05,9.000000000000000222e-01,-3.640462450000000278e-04,9.000000000000000222e-01,-4.137252599999999237e-04,9.000000000000000222e-01,-4.377053750000000037e-04,9.000000000000000222e-01,-4.443373639999998988e-04
9.100000000000000311e-01,-4.712181549999999909e-05,9.100000000000000311e-01,-3.622065899999999815e-04,9.100000000000000311e-01,-4.117314150000000008e-04,9.100000000000000311e-01,-4.357070249999999757e-04,9.100000000000000311e-01,-4.423383680000000126e-04
9.200000000000000400e-01,-4.712181549999999909e-05,9.200000000000000400e-01,-3.603650650000000347e-04,9.200000000000000400e-01,-4.097375699999999694e-04,9.200000000000000400e-01,-4.337082500000000195e-04,9.200000000000000400e-01,-4.403393039999999644e-04
9.300000000000000488e-01,-4.712181549999999909e-05,9.300000000000000488e-01,-3.585217550000000105e-04,9.300000000000000488e-01,-4.077437249999999922e-04,9.300000000000000488e-01,-4.317098999999999915e-04,9.300000000000000488e-01,-4.383402399999999162e-04
9.399999999999999467e-01,-4.712181549999999909e-05,9.399999999999999467e-01,-3.566767450000000029e-04,9.399999999999999467e-01,-4.057498799999999608e-04,9.399999999999999467e-01,-4.297111250000000353e-04,9.399999999999999467e-01,-4.363412439999999216e-04
9.499999999999999556e-01,-4.712181549999999909e-05,9.499999999999999556e-01,-3.548299500000000263e-04,9.499999999999999556e-01,-4.037560349999999294e-04,9.499999999999999556e-01,-4.277127750000000073e-04,9.499999999999999556e-01,-4.343421799999999276e-04
9.599999999999999645e-01,-4.712181549999999909e-05,9.599999999999999645e-01,-3.529816250000000375e-04,9.599999999999999645e-01,-4.017621900000000064e-04,9.599999999999999645e-01,-4.257139999999999969e-04,9.599999999999999645e-01,-4.323431159999999878e-04
9.699999999999999734e-01,-4.712181549999999909e-05,9.699999999999999734e-01,-3.511316000000000112e-04,9.699999999999999734e-01,-3.997683449999999751e-04,9.699999999999999734e-01,-4.237153525000000192e-04,9.699999999999999734e-01,-4.303441199999999390e-04
9.799999999999999822e-01,-4.712181549999999909e-05,9.799999999999999822e-01,-3.492799600000000412e-04,9.799999999999999822e-01,-3.977744999999999979e-04,9.799999999999999822e-01,-4.217167474999999801e-04,9.799999999999999822e-01,-4.283450559999999450e-04
9.899999999999999911e-01,-4.712181549999999909e-05,9.899999999999999911e-01,-3.474267900000000049e-04,9.899999999999999911e-01,-3.957805699999999267e-04,9.899999999999999911e-01,-4.197181424999999952e-04,9.899999999999999911e-01,-4.263459920000000052e-04
1.000000000000000000e+00,-4.712181549999999909e-05,1.000000000000000000e+00,-3.455721749999999962e-04,1.000000000000000000e+00,-3.937867249999999495e-04,1.000000000000000000e+00,-4.177195375000000103e-04,1.000000000000000000e+00,-4.243469959999999564e-04
1.010000000000000009e+00,-4.712181549999999909e-05,1.010000000000000009e+00,-3.437160299999999754e-04,1.010000000000000009e+00,-3.917928799999999723e-04,1.010000000000000009e+00,-4.157209324999999712e-04,1.010000000000000009e+00,-4.223479319999999624e-04
1.020000000000000018e+00,-4.712181549999999909e-05,1.020000000000000018e+00,-3.418584400000000364e-04,1.020000000000000018e+00,-3.897990349999999951e-04,1.020000000000000018e+00,-4.137223274999999863e-04,1.020000000000000018e+00,-4.203488679999999684e-04
1.030000000000000027e+00,-4.712181549999999909e-05,1.030000000000000027e+00,-3.399994900000000023e-04,1.030000000000000027e+00,-3.878051049999999781e-04,1.030000000000000027e+00,-4.117237225000000013e-04,1.030000000000000027e+00,-4.183498039999999744e-04
1.040000000000000036e+00,-4.712181549999999909e-05,1.040000000000000036e+00,-3.381390949999999959e-04,1.040000000000000036e+00,-3.858112599999999467e-04,1.040000000000000036e+00,-4.097251599999999550e-04,1.040000000000000036e+00,-4.163508079999999798e-04
1.050000000000000044e+00,-4.712181549999999909e-05,1.050000000000000044e+00,-3.362773400000000027e-04,1.050000000000000044e+00,-3.838174149999999695e-04,1.050000000000000044e+00,-4.077265549999999701e-04,1.050000000000000044e+00,-4.143517439999999858e-04
1.060000000000000053e+00,-4.712181549999999909e-05,1.060000000000000053e+00,-3.344143100000000085e-04,1.060000000000000053e+00,-3.818234849999999525e-04,1.060000000000000053e+00,-4.057279499999999852e-04,1.060000000000000053e+00,-4.123526799999999376e-04
1.070000000000000062e+00,-4.712181549999999909e-05,1.070000000000000062e+00,-3.325499200000000275e-04,1.070000000000000062e+00,-3.798296399999999753e-04,1.070000000000000062e+00,-4.037293450000000003e-04,1.070000000000000062e+00,-4.103536839999999972e-04
1.080000000000000071e+00,-4.712181549999999909e-05,1.080000000000000071e+00,-3.306843400000000310e-04,1.080000000000000071e+00,-3.778357100000000125e-04,1.080000000000000071e+00,-4.017307399999999612e-04,1.080000000000000071e+00,-4.083546199999999490e-04
1.090000000000000080e+00,-4.712181549999999909e-05,1.090000000000000080e+00,-3.288173999999999936e-04,1.090000000000000080e+00,-3.758418649999999812e-04,1.090000000000000080e+00,-3.997321349999999763e-04,1.090000000000000080e+00,-4.063555559999999550e-04
1.100000000000000089e+00,-4.712181549999999909e-05,1.100000000000000089e+00,-3.269493550000000348e-04,1.100000000000000089e+00,-3.738480199999999498e-04,1.100000000000000089e+00,-3.977335299999999914e-04,1.100000000000000089e+00,-4.043565599999999604e-04
1.110000000000000098e+00,-4.712181549999999909e-05,1.110000000000000098e+00,-3.250800350000000206e-04,1.110000000000000098e+00,-3.718540899999999328e-04,1.110000000000000098e+00,-3.957349249999999523e-04,1.110000000000000098e+00,-4.023574959999999664e-04
1.120000000000000107e+00,-4.712181549999999909e-05,1.120000000000000107e+00,-3.232096099999999766e-04,1.120000000000000107e+00,-3.698601599999999700e-04,1.120000000000000107e+00,-3.937363199999999674e-04,1.120000000000000107e+00,-4.003584319999999724e-04
1.129999999999999893e+00,-4.712181549999999909e-05,1.129999999999999893e+00,-3.213379950000000256e-04,1.129999999999999893e+00,-3.678663149999999928e-04,1.129999999999999893e+00,-3.917377149999999825e-04,1.129999999999999893e+00,-3.983594359999999778e-04
1.139999999999999902e+00,-4.712181549999999909e-05,1.139999999999999902e+00,-3.194651900000000048e-04,1.139999999999999902e+00,-3.658723849999999758e-04,1.139999999999999902e+00,-3.897390675000000047e-04,1.139999999999999902e+00,-3.963603719999999838e-04
1.149999999999999911e+00,-4.712181549999999909e-05,1.149999999999999911e+00,-3.175913650000000482e-04,1.149999999999999911e+00,-3.638785399999999444e-04,1.149999999999999911e+00,-3.877404625000000198e-04,1.149999999999999911e+00,-3.943613079999999356e-04
1.159999999999999920e+00,-4.712181549999999909e-05,1.159999999999999920e+00,-3.157164350000000075e-04,1.159999999999999920e+00,-3.618846099999999816e-04,1.159999999999999920e+00,-3.857418574999999807e-04,1.159999999999999920e+00,-3.923623119999999410e-04
1.169999999999999929e+00,-4.712181549999999909e-05,1.169999999999999929e+00,-3.138403999999999912e-04,1.169999999999999929e+00,-3.598906799999999646e-04,1.169999999999999929e+00,-3.837432524999999958e-04,1.169999999999999929e+00,-3.903632479999999470e-04
1.179999999999999938e+00,-4.712181549999999909e-05,1.179999999999999938e+00,-3.119633450000000390e-04,1.179999999999999938e+00,-3.578967500000000018e-04,1.179999999999999938e+00,-3.817446475000000109e-04,1.179999999999999938e+00,-3.883641839999999530e-04
1.189999999999999947e+00,-4.712181549999999909e-05,1.189999999999999947e+00,-3.100852699999999884e-04,1.189999999999999947e+00,-3.559029049999999704e-04,1.189999999999999947e+00,-3.797460425000000260e-04,1.189999999999999947e+00,-3.863651879999999584e-04
1.199999999999999956e+00,-4.712181549999999909e-05,1.199999999999999956e+00,-3.082061750000000019e-04,1.199999999999999956e+00,-3.539089749999999534e-04,1.199999999999999956e+00,-3.777474374999999869e-04,1.199999999999999956e+00,-3.843661239999999644e-04
1.209999999999999964e+00,-4.712181549999999909e-05,1.209999999999999964e+00,-3.063260599999999712e-04,1.209999999999999964e+00,-3.519150449999999364e-04,1.209999999999999964e+00,-3.757488325000000020e-04,1.209999999999999964e+00,-3.823670599999999704e-04
1.219999999999999973e+00,-4.712181549999999909e-05,1.219999999999999973e+00,-3.044450100000000445e-04,1.219999999999999973e+00,-3.499211149999999736e-04,1.219999999999999973e+00,-3.737502275000000171e-04,1.219999999999999973e+00,-3.803679959999999765e-04
1.229999999999999982e+00,-4.712181549999999909e-05,1.229999999999999982e+00,-3.025629400000000194e-04,1.229999999999999982e+00,-3.479271849999999566e-04,1.229999999999999982e+00,-3.717516224999999779e-04,1.229999999999999982e+00,-3.783689999999999818e-04
1.239999999999999991e+00,-4.712181549999999909e-05,1.239999999999999991e+00,-3.006799349999999898e-04,1.239999999999999991e+00,-3.459332549999999938e-04,1.239999999999999991e+00,-3.697530174999999930e-04,1.239999999999999991e+00,-3.763699359999999878e-04
1.250000000000000000e+00,-4.712181549999999909e-05,1.250000000000000000e+00,-2.987960799999999956e-04,1.250000000000000000e+00,-3.439394099999999624e-04,1.250000000000000000e+00,-3.677544125000000081e-04,1.250000000000000000e+00,-3.743708719999999939e-04
1.260000000000000009e+00,-4.712181549999999909e-05,1.260000000000000009e+00,-2.969112050000000114e-04,1.260000000000000009e+00,-3.419454799999999454e-04,1.260000000000000009e+00,-3.657558075000000232e-04,1.260000000000000009e+00,-3.723718759999999992e-04
1.270000000000000018e+00,-4.712181549999999909e-05,1.270000000000000018e+00,-2.950255650000000482e-04,1.270000000000000018e+00,-3.399515499999999826e-04,1.270000000000000018e+00,-3.637572024999999841e-04,1.270000000000000018e+00,-3.703728119999999510e-04
1.280000000000000027e+00,-4.712181549999999909e-05,1.280000000000000027e+00,-2.931389050000000407e-04,1.280000000000000027e+00,-3.379576199999999656e-04,1.280000000000000027e+00,-3.617585974999999992e-04,1.280000000000000027e+00,-3.683737479999999571e-04
1.290000000000000036e+00,-4.712181549999999909e-05,1.290000000000000036e+00,-2.912514800000000001e-04,1.290000000000000036e+00,-3.359636049999999629e-04,1.290000000000000036e+00,-3.597599925000000143e-04,1.290000000000000036e+00,-3.663746839999999631e-04
1.300000000000000044e+00,-4.712181549999999909e-05,1.300000000000000044e+00,-2.893631200000000092e-04,1.300000000000000044e+00,-3.339696750000000001e-04,1.300000000000000044e+00,-3.577613875000000294e-04,1.300000000000000044e+00,-3.643756879999999684e-04
1.310000000000000053e+00,-4.712181549999999909e-05,1.310000000000000053e+00,-2.874739950000000394e-04,1.310000000000000053e+00,-3.319757449999999831e-04,1.310000000000000053e+00,-3.557627824999999903e-04,1.310000000000000053e+00,-3.623766239999999745e-04
1.320000000000000062e+00,-4.712181549999999909e-05,1.320000000000000062e+00,-2.855840199999999966e-04,1.320000000000000062e+00,-3.299818150000000203e-04,1.320000000000000062e+00,-3.537641775000000053e-04,1.320000000000000062e+00,-3.603775599999999263e-04
1.330000000000000071e+00,-4.712181549999999909e-05,1.330000000000000071e+00,-2.836931949999999892e-04,1.330000000000000071e+00,-3.279878850000000033e-04,1.330000000000000071e+00,-3.517655725000000204e-04,1.330000000000000071e+00,-3.583785639999999858e-04
1.340000000000000080e+00,-4.712181549999999909e-05,1.340000000000000080e+00,-2.818016050000000028e-04,1.340000000000000080e+00,-3.259939549999999321e-04,1.340000000000000080e+00,-3.497669250000000427e-04,1.340000000000000080e+00,-3.563794999999999377e-04
1.350000000000000089e+00,-4.712181549999999909e-05,1.350000000000000089e+00,-2.799092500000000374e-04,1.350000000000000089e+00,-3.240000249999999693e-04,1.350000000000000089e+00,-3.477683199999999494e-04,1.350000000000000089e+00,-3.543804359999999979e-04
1.360000000000000098e+00,-4.712181549999999909e-05,1.360000000000000098e+00,-2.780160449999999990e-04,1.360000000000000098e+00,-3.220060099999999667e-04,1.360000000000000098e+00,-3.457697150000000187e-04,1.360000000000000098e+00,-3.523814399999999490e-04
1.370000000000000107e+00,-4.712181549999999909e-05,1.370000000000000107e+00,-2.761221600000000214e-04,1.370000000000000107e+00,-3.200120800000000039e-04,1.370000000000000107e+00,-3.437711100000000338e-04,1.370000000000000107e+00,-3.503823759999999551e-04
1.379999999999999893e+00,-4.712181549999999909e-05,1.379999999999999893e+00,-2.742274250000000251e-04,1.379999999999999893e+00,-3.180181499999999869e-04,1.379999999999999893e+00,-3.417725050000000489e-04,1.379999999999999893e+00,-3.483833120000000153e-04
1.389999999999999902e+00,-4.712181549999999909e-05,1.389999999999999902e+00,-2.723320099999999811e-04,1.389999999999999902e+00,-3.160241349999999842e-04,1.389999999999999902e+00,-3.397738999999999556e-04,1.389999999999999902e+00,-3.463842479999999671e-04
1.399999999999999911e+00,-4.712181549999999909e-05,1.399999999999999911e+00,-2.704359149999999981e-04,1.399999999999999911e+00,-3.140302049999999672e-04,1.399999999999999911e+00,-3.377752949999999706e-04,1.399999999999999911e+00,-3.443852519999999725e-04
1.409999999999999920e+00,-4.712181549999999909e-05,1.409999999999999920e+00,-2.685389699999999962e-04,1.409999999999999920e+00,-3.120362749999999502e-04,1.409999999999999920e+00,-3.357766900000000400e-04,1.409999999999999920e+00,-3.423861879999999785e-04
1.419999999999999929e+00,-4.712181549999999909e-05,1.419999999999999929e+00,-2.666414300000000408e-04,1.419999999999999929e+00,-3.100422600000000018e-04,1.419999999999999929e+00,-3.337780849999999466e-04,1.419999999999999929e+00,-3.403871239999999845e-04
1.429999999999999938e+00,-4.712181549999999909e-05,1.429999999999999938e+00,-2.647431249999999980e-04,1.429999999999999938e+00,-3.080483299999999848e-04,1.429999999999999938e+00,-3.317794799999999617e-04,1.429999999999999938e+00,-3.383881279999999899e-04
1.439999999999999947e+00,-4.712181549999999909e-05,1.439999999999999947e+00,-2.628441400000000160e-04,1.439999999999999947e+00,-3.060543149999999822e-04,1.439999999999999947e+00,-3.297808324999999840e-04,1.439999999999999947e+00,-3.363890639999999959e-04
1.449999999999999956e+00,-4.712181549999999909e-05,1.449999999999999956e+00,-2.609444749999999865e-04,1.449999999999999956e+00,-3.040603849999999652e-04,1.449999999999999956e+00,-3.277822274999999991e-04,1.449999999999999956e+00,-3.343899999999999477e-04
1.459999999999999964e+00,-4.712181549999999909e-05,1.459999999999999964e+00,-2.590441300000000178e-04,1.459999999999999964e+00,-3.020663700000000168e-04,1.459999999999999964e+00,-3.257836225000000142e-04,1.459999999999999964e+00,-3.323909359999999537e-04
1.469999999999999973e+00,-4.712181549999999909e-05,1.469999999999999973e+00,-2.571431050000000016e-04,1.469999999999999973e+00,-3.000724399999999997e-04,1.469999999999999973e+00,-3.237850174999999751e-04,1.469999999999999973e+00,-3.303919399999999591e-04
1.479999999999999982e+00,-4.712181549999999909e-05,1.479999999999999982e+00,-2.552414849999999776e-04,1.479999999999999982e+00,-2.980784249999999971e-04,1.479999999999999982e+00,-3.217864124999999902e-04,1.479999999999999982e+00,-3.283928759999999651e-04
1.489999999999999991e+00,-4.712181549999999909e-05,1.489999999999999991e+00,-2.533391850000000145e-04,1.489999999999999991e+00,-2.960844949999999801e-04,1.489999999999999991e+00,-3.197878075000000053e-04,1.489999999999999991e+00,-3.263938119999999711e-04
1.500000000000000000e+00,-4.712181549999999909e-05,1.500000000000000000e+00,-2.514362899999999894e-04,1.500000000000000000e+00,-2.940904799999999775e-04,1.500000000000000000e+00,-3.177892024999999661e-04,1.500000000000000000e+00,-3.243947479999999771e-04
1.510000000000000009e+00,-4.712181549999999909e-05,1.510000000000000009e+00,-2.495327150000000251e-04,1.510000000000000009e+00,-2.920964649999999749e-04,1.510000000000000009e+00,-3.157905974999999812e-04,1.510000000000000009e+00,-3.223957519999999825e-04
1.520000000000000018e+00,-4.712181549999999909e-05,1.520000000000000018e+00,-2.476285449999999990e-04,1.520000000000000018e+00,-2.901025349999999579e-04,1.520000000000000018e+00,-3.137919500000000035e-04,1.520000000000000018e+00,-3.203966879999999885e-04
1.530000000000000027e+00,-4.712181549999999909e-05,1.530000000000000027e+00,-2.457237800000000192e-04,1.530000000000000027e+00,-2.881085199999999552e-04,1.530000000000000027e+00,-3.117933450000000186e-04,1.530000000000000027e+00,-3.183976239999999945e-04
1.540000000000000036e+00,-4.712181549999999909e-05,1.540000000000000036e+00,-2.438183350000000190e-04,1.540000000000000036e+00,-2.861145049999999526e-04,1.540000000000000036e+00,-3.097947400000000337e-04,1.540000000000000036e+00,-3.163986279999999457e-04
1.550000000000000044e+00,-4.712181549999999909e-05,1.550000000000000044e+00,-2.419123799999999967e-04,1.550000000000000044e+00,-2.841204900000000042e-04,1.550000000000000044e+00,-3.077961349999999946e-04,1.550000000000000044e+00,-3.143995640000000059e-04
1.560000000000000053e+00,-4.712181549999999909e-05,1.560000000000000053e+00,-2.400058299999999938e-04,1.560000000000000053e+00,-2.821264750000000016e-04,1.560000000000000053e+00,-3.057975300000000097e-04,1.560000000000000053e+00,-3.124004999999999577e-04
1.570000000000000062e+00,-4.712181549999999909e-05,1.570000000000000062e+00,-2.380986850000000102e-04,1.570000000000000062e+00,-2.801325449999999846e-04,1.570000000000000062e+00,-3.037989250000000248e-04,1.570000000000000062e+00,-3.104014359999999638e-04
1.580000000000000071e+00,-4.712181549999999909e-05,1.580000000000000071e+00,-2.361909450000000189e-04,1.580000000000000071e+00,-2.781385299999999277e-04,1.580000000000000071e+00,-3.018003200000000399e-04,1.580000000000000071e+00,-3.084024399999999691e-04
1.590000000000000080e+00,-4.712181549999999909e-05,1.590000000000000080e+00,-2.342826950000000054e-04,1.590000000000000080e+00,-2.761445149999999793e-04,1.590000000000000080e+00,-2.998016724999999537e-04,1.590000000000000080e+00,-3.064033759999999751e-04
1.600000000000000089e+00,-4.712181549999999909e-05,1.600000000000000089e+00,-2.323738500000000113e-04,1.600000000000000089e+00,-2.741504999999999767e-04,1.600000000000000089e+00,-2.978030674999999688e-04,1.600000000000000089e+00,-3.044043119999999812e-04
1.610000000000000098e+00,-4.712181549999999909e-05,1.610000000000000098e+00,-2.304644950000000222e-04,1.610000000000000098e+00,-2.721564849999999740e-04,1.610000000000000098e+00,-2.958044624999999839e-04,1.610000000000000098e+00,-3.024052479999999330e-04
1.620000000000000107e+00,-4.712181549999999909e-05,1.620000000000000107e+00,-2.285545449999999983e-04,1.620000000000000107e+00,-2.701624699999999714e-04,1.620000000000000107e+00,-2.938058574999999990e-04,1.620000000000000107e+00,-3.004062519999999925e-04
1.629999999999999893e+00,-4.712181549999999909e-05,1.629999999999999893e+00,-2.266440850000000064e-04,1.629999999999999893e+00,-2.681684549999999688e-04,1.629999999999999893e+00,-2.918072524999999599e-04,1.629999999999999893e+00,-2.984071879999999444e-04
1.639999999999999902e+00,-4.712181549999999909e-05,1.639999999999999902e+00,-2.247330300000000068e-04,1.639999999999999902e+00,-2.661744400000000204e-04,1.639999999999999902e+00,-2.898086049999999822e-04,1.639999999999999902e+00,-2.964081239999999504e-04
1.649999999999999911e+00,-4.712181549999999909e-05,1.649999999999999911e+00,-2.228215499999999978e-04,1.649999999999999911e+00,-2.641804249999999635e-04,1.649999999999999911e+00,-2.878099999999999973e-04,1.649999999999999911e+00,-2.944090600000000106e-04
1.659999999999999920e+00,-4.712181549999999909e-05,1.659999999999999920e+00,-2.209094750000000081e-04,1.659999999999999920e+00,-2.621864100000000151e-04,1.659999999999999920e+00,-2.858113950000000123e-04,1.659999999999999920e+00,-2.924100639999999618e-04
1.669999999999999929e+00,-4.712181549999999909e-05,1.669999999999999929e+00,-2.189969750000000091e-04,1.669999999999999929e+00,-2.601923949999999583e-04,1.669999999999999929e+00,-2.838127900000000274e-04,1.669999999999999929e+00,-2.904110000000000220e-04
1.679999999999999938e+00,-4.712181549999999909e-05,1.679999999999999938e+00,-2.170838800000000023e-04,1.679999999999999938e+00,-2.581983800000000099e-04,1.679999999999999938e+00,-2.818141849999999883e-04,1.679999999999999938e+00,-2.884119359999999738e-04
1.689999999999999947e+00,-4.712181549999999909e-05,1.689999999999999947e+00,-2.151703600000000132e-04,1.689999999999999947e+00,-2.562042800000000216e-04,1.689999999999999947e+00,-2.798155800000000034e-04,1.689999999999999947e+00,-2.864128719999999798e-04
1.699999999999999956e+00,-4.712181549999999909e-05,1.699999999999999956e+00,-2.132563300000000291e-04,1.699999999999999956e+00,-2.542102649999999648e-04,1.699999999999999956e+00,-2.778169325000000257e-04,1.699999999999999956e+00,-2.844138759999999852e-04
1.709999999999999964e+00,-4.712181549999999909e-05,1.709999999999999964e+00,-2.113417899999999957e-04,1.709999999999999964e+00,-2.522162500000000164e-04,1.709999999999999964e+00,-2.758183275000000408e-04,1.709999999999999964e+00,-2.824148119999999912e-04
1.719999999999999973e+00,-4.712181549999999909e-05,1.719999999999999973e+00,-2.094267400000000216e-04,1.719999999999999973e+00,-2.502222349999999595e-04,1.719999999999999973e+00,-2.738197224999999475e-04,1.719999999999999973e+00,-2.804157479999999430e-04
1.729999999999999982e+00,-4.712181549999999909e-05,1.729999999999999982e+00,-2.075112650000000109e-04,1.729999999999999982e+00,-2.482281349999999713e-04,1.729999999999999982e+00,-2.718211175000000168e-04,1.729999999999999982e+00,-2.784166839999999490e-04
1.739999999999999991e+00,-4.712181549999999909e-05,1.739999999999999991e+00,-2.055952800000000052e-04,1.739999999999999991e+00,-2.462341199999999687e-04,1.739999999999999991e+00,-2.698224699999999848e-04,1.739999999999999991e+00,-2.764176879999999544e-04
1.750000000000000000e+00,-4.712181549999999909e-05,1.750000000000000000e+00,-2.036788700000000173e-04,1.750000000000000000e+00,-2.442401049999999661e-04,1.750000000000000000e+00,-2.678238649999999999e-04,1.750000000000000000e+00,-2.744186239999999604e-04
1.760000000000000009e+00,-4.712181549999999909e-05,1.760000000000000009e+00,-2.017619500000000072e-04,1.760000000000000009e+00,-2.422460049999999778e-04,1.760000000000000009e+00,-2.658252600000000150e-04,1.760000000000000009e+00,-2.724195599999999664e-04
1.770000000000000018e+00,-4.712181549999999909e-05,1.770000000000000018e+00,-1.998446049999999877e-04,1.770000000000000018e+00,-2.402519900000000023e-04,1.770000000000000018e+00,-2.638266550000000301e-04,1.770000000000000018e+00,-2.704204959999999725e-04
1.780000000000000027e+00,-4.712181549999999909e-05,1.780000000000000027e+00,-1.979268350000000130e-04,1.780000000000000027e+00,-2.382579749999999726e-04,1.780000000000000027e+00,-2.618280499999999910e-04,1.780000000000000027e+00,-2.684214999999999778e-04
1.790000000000000036e+00,-4.712181549999999909e-05,1.790000000000000036e+00,-1.960086400000000018e-04,1.790000000000000036e+00,-2.362638749999999572e-04,1.790000000000000036e+00,-2.598294025000000133e-04,1.790000000000000036e+00,-2.664224359999999838e-04
1.800000000000000044e+00,-4.712181549999999909e-05,1.800000000000000044e+00,-1.940899350000000227e-04,1.800000000000000044e+00,-2.342698599999999817e-04,1.800000000000000044e+00,-2.578307974999999742e-04,1.800000000000000044e+00,-2.644233719999999899e-04
1.810000000000000053e+00,-4.712181549999999909e-05,1.810000000000000053e+00,-1.921708050000000070e-04,1.810000000000000053e+00,-2.322757599999999934e-04,1.810000000000000053e+00,-2.558321924999999893e-04,1.810000000000000053e+00,-2.624243079999999959e-04
1.820000000000000062e+00,-4.712181549999999909e-05,1.820000000000000062e+00,-1.902512500000000091e-04,1.820000000000000062e+00,-2.302817449999999637e-04,1.820000000000000062e+00,-2.538335875000000044e-04,1.820000000000000062e+00,-2.604253120000000012e-04
1.830000000000000071e+00,-4.712181549999999909e-05,1.830000000000000071e+00,-1.883312700000000018e-04,1.830000000000000071e+00,-2.282876449999999484e-04,1.830000000000000071e+00,-2.518349399999999724e-04,1.830000000000000071e+00,-2.584262480000000073e-04
1.840000000000000080e+00,-4.712181549999999909e-05,1.840000000000000080e+00,-1.864109500000000249e-04,1.840000000000000080e+00,-2.262935450000000143e-04,1.840000000000000080e+00,-2.498363349999999875e-04,1.840000000000000080e+00,-2.564271839999999591e-04
1.850000000000000089e+00,-4.712181549999999909e-05,1.850000000000000089e+00,-1.844901200000000259e-04,1.850000000000000089e+00,-2.242995299999999846e-04,1.850000000000000089e+00,-2.478377300000000026e-04,1.850000000000000089e+00,-2.544281199999999651e-04
1.860000000000000098e+00,-4.712180699999999917e-05,1.860000000000000098e+00,-1.825688650000000174e-04,1.860000000000000098e+00,-2.223054299999999693e-04,1.860000000000000098e+00,-2.458391249999999635e-04,1.860000000000000098e+00,-2.524291239999999705e-04
1.870000000000000107e+00,-4.712180699999999917e-05,1.870000000000000107e+00,-1.806472700000000123e-04,1.870000000000000107e+00,-2.203114149999999937e-04,1.870000000000000107e+00,-2.438404774999999858e-04,1.870000000000000107e+00,-2.504300599999999765e-04
1.879999999999999893e+00,-4.712180699999999917e-05,1.879999999999999893e+00,-1.787252500000000249e-04,1.879999999999999893e+00,-2.183173150000000055e-04,1.879999999999999893e+00,-2.418418725000000009e-04,1.879999999999999893e+00,-2.484309959999999825e-04
1.889999999999999902e+00,-4.712180699999999917e-05,1.889999999999999902e+00,-1.768028050000000010e-04,1.889999999999999902e+00,-2.163232149999999630e-04,1.889999999999999902e+00,-2.398432674999999889e-04,1.889999999999999902e+00,-2.464319319999999885e-04
1.899999999999999911e+00,-4.712180699999999917e-05,1.899999999999999911e+00,-1.748800199999999804e-04,1.899999999999999911e+00,-2.143291150000000019e-04,1.899999999999999911e+00,-2.378446625000000040e-04,1.899999999999999911e+00,-2.444328679999999946e-04
1.909999999999999920e+00,-4.712180699999999917e-05,1.909999999999999920e+00,-1.729567250000000190e-04,1.909999999999999920e+00,-2.123350999999999993e-04,1.909999999999999920e+00,-2.358460149999999991e-04,1.909999999999999920e+00,-2.424338719999999728e-04
1.919999999999999929e+00,-4.712180699999999917e-05,1.919999999999999929e+00,-1.710331749999999924e-04,1.919999999999999929e+00,-2.103409999999999839e-04,1.919999999999999929e+00,-2.338474099999999871e-04,1.919999999999999929e+00,-2.404348080000000059e-04
1.929999999999999938e+00,-4.712179849999999248e-05,1.929999999999999938e+00,-1.691092000000000105e-04,1.929999999999999938e+00,-2.083468999999999957e-04,1.929999999999999938e+00,-2.318488050000000022e-04,1.929999999999999938e+00,-2.384357439999999577e-04
1.939999999999999947e+00,-4.712179849999999248e-05,1.939999999999999947e+00,-1.671848000000000192e-04,1.939999999999999947e+00,-2.063527999999999803e-04,1.939999999999999947e+00,-2.298501999999999902e-04,1.939999999999999947e+00,-2.364366799999999638e-04
1.949999999999999956e+00,-4.712178999999999256e-05,1.949999999999999956e+00,-1.652600600000000042e-04,1.949999999999999956e+00,-2.043586999999999921e-04,1.949999999999999956e+00,-2.278515525000000125e-04,1.949999999999999956e+00,-2.344376839999999691e-04
1.959999999999999964e+00,-4.712178149999999264e-05,1.959999999999999964e+00,-1.633349799999999925e-04,1.959999999999999964e+00,-2.023645999999999767e-04,1.959999999999999964e+00,-2.258529474999999734e-04,1.959999999999999964e+00,-2.324386199999999751e-04
1.969999999999999973e+00,-4.712176449999999959e-05,1.969999999999999973e+00,-1.614094749999999984e-04,1.969999999999999973e+00,-2.003704999999999885e-04,1.969999999999999973e+00,-2.238543425000000156e-04,1.969999999999999973e+00,-2.304395560000000083e-04
1.979999999999999982e+00,-4.712173899999999983e-05,1.979999999999999982e+00,-1.594836300000000077e-04,1.979999999999999982e+00,-1.983763999999999732e-04,1.979999999999999982e+00,-2.218556950000000107e-04,1.979999999999999982e+00,-2.284404919999999601e-04
1.989999999999999991e+00,-4.712170499999999339e-05,1.989999999999999991e+00,-1.575574449999999932e-04,1.989999999999999991e+00,-1.963822999999999849e-04,1.989999999999999991e+00,-2.198570899999999987e-04,1.989999999999999991e+00,-2.264414959999999926e-04
2.000000000000000000e+00,-4.712166250000000058e-05,2.000000000000000000e+00,-1.556309200000000092e-04,2.000000000000000000e+00,-1.943881999999999967e-04,2.000000000000000000e+00,-2.178584850000000138e-04,2.000000000000000000e+00,-2.244424319999999715e-04
2.009999999999999787e+00,-4.712158600000000133e-05,2.009999999999999787e+00,-1.537039699999999886e-04,2.009999999999999787e+00,-1.923940999999999813e-04,2.009999999999999787e+00,-2.158598375000000090e-04,2.009999999999999787e+00,-2.224433679999999775e-04
2.020000000000000018e+00,-4.712147550000000241e-05,2.020000000000000018e+00,-1.517766799999999985e-04,2.020000000000000018e+00,-1.903999999999999931e-04,2.020000000000000018e+00,-2.138612324999999970e-04,2.020000000000000018e+00,-2.204443040000000106e-04
2.029999999999999805e+00,-4.712130549999999729e-05,2.029999999999999805e+00,-1.498491349999999972e-04,2.029999999999999805e+00,-1.884058999999999777e-04,2.029999999999999805e+00,-2.118626274999999850e-04,2.029999999999999805e+00,-2.184452399999999624e-04
2.040000000000000036e+00,-4.712106749999999284e-05,2.040000000000000036e+00,-1.479211650000000137e-04,2.040000000000000036e+00,-1.864117999999999895e-04,2.040000000000000036e+00,-2.098640225000000001e-04,2.040000000000000036e+00,-2.164462439999999949e-04
2.049999999999999822e+00,-4.712070199999999641e-05,2.049999999999999822e+00,-1.459928550000000064e-04,2.049999999999999822e+00,-1.844176999999999741e-04,2.049999999999999822e+00,-2.078653749999999952e-04,2.049999999999999822e+00,-2.144471799999999738e-04
2.060000000000000053e+00,-4.712016649999999486e-05,2.060000000000000053e+00,-1.440642050000000025e-04,2.060000000000000053e+00,-1.824235999999999859e-04,2.060000000000000053e+00,-2.058667699999999832e-04,2.060000000000000053e+00,-2.124481159999999798e-04
2.069999999999999840e+00,-4.711935899999999597e-05,2.069999999999999840e+00,-1.421353000000000145e-04,2.069999999999999840e+00,-1.804294149999999849e-04,2.069999999999999840e+00,-2.038681649999999983e-04,2.069999999999999840e+00,-2.104490519999999859e-04
2.080000000000000071e+00,-4.711817749999999396e-05,2.080000000000000071e+00,-1.402059699999999901e-04,2.080000000000000071e+00,-1.784353149999999967e-04,2.080000000000000071e+00,-2.018695175000000206e-04,2.080000000000000071e+00,-2.084499879999999648e-04
2.089999999999999858e+00,-4.711640949999999767e-05,2.089999999999999858e+00,-1.382763850000000088e-04,2.089999999999999858e+00,-1.764412149999999813e-04,2.089999999999999858e+00,-1.998709125000000086e-04,2.089999999999999858e+00,-2.064509919999999972e-04
2.100000000000000089e+00,-4.711379149999999613e-05,2.100000000000000089e+00,-1.363463750000000181e-04,2.100000000000000089e+00,-1.744471149999999931e-04,2.100000000000000089e+00,-1.978723075000000237e-04,2.100000000000000089e+00,-2.044519279999999762e-04
2.109999999999999876e+00,-4.710991549999999332e-05,2.109999999999999876e+00,-1.344161100000000164e-04,2.109999999999999876e+00,-1.724529299999999650e-04,2.109999999999999876e+00,-1.958736599999999918e-04,2.109999999999999876e+00,-2.024528639999999822e-04
2.120000000000000107e+00,-4.710417799999999514e-05,2.120000000000000107e+00,-1.324855900000000036e-04,2.120000000000000107e+00,-1.704588300000000039e-04,2.120000000000000107e+00,-1.938750550000000069e-04,2.120000000000000107e+00,-2.004537999999999882e-04
2.129999999999999893e+00,-4.709568649999999675e-05,2.129999999999999893e+00,-1.305546450000000084e-04,2.129999999999999893e+00,-1.684647299999999885e-04,2.129999999999999893e+00,-1.918764499999999948e-04,2.129999999999999893e+00,-1.984548039999999665e-04
2.140000000000000124e+00,-4.708316599999999704e-05,2.140000000000000124e+00,-1.286234450000000023e-04,2.140000000000000124e+00,-1.664705449999999876e-04,2.140000000000000124e+00,-1.898778024999999900e-04,2.140000000000000124e+00,-1.964557399999999996e-04
2.149999999999999911e+00,-4.706475499999999388e-05,2.149999999999999911e+00,-1.266919049999999994e-04,2.149999999999999911e+00,-1.644764449999999993e-04,2.149999999999999911e+00,-1.878791975000000051e-04,2.149999999999999911e+00,-1.944566759999999785e-04
2.160000000000000142e+00,-4.703781849999999265e-05,2.160000000000000142e+00,-1.247601100000000126e-04,2.160000000000000142e+00,-1.624822599999999713e-04,2.160000000000000142e+00,-1.858805924999999931e-04,2.160000000000000142e+00,-1.924576119999999845e-04
2.169999999999999929e+00,-4.699867599999999542e-05,2.169999999999999929e+00,-1.228279750000000020e-04,2.169999999999999929e+00,-1.604881599999999830e-04,2.169999999999999929e+00,-1.838819449999999883e-04,2.169999999999999929e+00,-1.904585479999999905e-04
2.180000000000000160e+00,-4.694234649999999662e-05,2.180000000000000160e+00,-1.208955849999999939e-04,2.180000000000000160e+00,-1.584939750000000092e-04,2.180000000000000160e+00,-1.818833400000000034e-04,2.180000000000000160e+00,-1.884595519999999688e-04
2.189999999999999947e+00,-4.686232749999999877e-05,2.189999999999999947e+00,-1.189628550000000162e-04,2.189999999999999947e+00,-1.564998749999999938e-04,2.189999999999999947e+00,-1.798846924999999985e-04,2.189999999999999947e+00,-1.864604880000000019e-04
2.200000000000000178e+00,-4.675061199999999874e-05,2.200000000000000178e+00,-1.170297850000000012e-04,2.200000000000000178e+00,-1.545056899999999928e-04,2.200000000000000178e+00,-1.778860875000000136e-04,2.200000000000000178e+00,-1.844614239999999808e-04
2.209999999999999964e+00,-4.659800299999999825e-05,2.209999999999999964e+00,-1.150964600000000022e-04,2.209999999999999964e+00,-1.525115899999999775e-04,2.209999999999999964e+00,-1.758874825000000016e-04,2.209999999999999964e+00,-1.824623599999999869e-04
2.220000000000000195e+00,-4.639486999999999648e-05,2.220000000000000195e+00,-1.131628800000000057e-04,2.220000000000000195e+00,-1.505174049999999765e-04,2.220000000000000195e+00,-1.738888349999999968e-04,2.220000000000000195e+00,-1.804632959999999929e-04
2.229999999999999982e+00,-4.613228799999999927e-05,2.229999999999999982e+00,-1.112289600000000126e-04,2.229999999999999982e+00,-1.485232200000000027e-04,2.229999999999999982e+00,-1.718902300000000119e-04,2.229999999999999982e+00,-1.784642999999999711e-04
2.240000000000000213e+00,-4.580315949999999461e-05,2.240000000000000213e+00,-1.092947849999999948e-04,2.240000000000000213e+00,-1.465291199999999873e-04,2.240000000000000213e+00,-1.698916249999999999e-04,2.240000000000000213e+00,-1.764652359999999772e-04
2.250000000000000000e+00,-4.540302199999999899e-05,2.250000000000000000e+00,-1.073603550000000066e-04,2.250000000000000000e+00,-1.445349349999999864e-04,2.250000000000000000e+00,-1.678929774999999951e-04,2.250000000000000000e+00,-1.744661719999999832e-04
2.259999999999999787e+00,-4.493021800000000148e-05,2.259999999999999787e+00,-1.054255849999999946e-04,2.259999999999999787e+00,-1.425407499999999854e-04,2.259999999999999787e+00,-1.658943724999999831e-04,2.259999999999999787e+00,-1.724671079999999892e-04
2.270000000000000018e+00,-4.438552099999999452e-05,2.270000000000000018e+00,-1.034905600000000122e-04,2.270000000000000018e+00,-1.405466499999999700e-04,2.270000000000000018e+00,-1.638957249999999782e-04,2.270000000000000018e+00,-1.704680439999999681e-04
2.279999999999999805e+00,-4.377146399999999404e-05,2.279999999999999805e+00,-1.015552800000000053e-04,2.279999999999999805e+00,-1.385524649999999962e-04,2.279999999999999805e+00,-1.618971199999999933e-04,2.279999999999999805e+00,-1.684689800000000012e-04
2.290000000000000036e+00,-4.309163399999999889e-05,2.290000000000000036e+00,-9.961966000000001514e-05,2.290000000000000036e+00,-1.365582799999999952e-04,2.290000000000000036e+00,-1.598985149999999813e-04,2.290000000000000036e+00,-1.664699839999999795e-04
2.299999999999999822e+00,-4.235011949999999625e-05,2.299999999999999822e+00,-9.768386999999999958e-05,2.299999999999999822e+00,-1.345640949999999943e-04,2.299999999999999822e+00,-1.578998675000000036e-04,2.299999999999999822e+00,-1.644709199999999855e-04
2.310000000000000053e+00,-4.155106849999999304e-05,2.310000000000000053e+00,-9.574774000000000089e-05,2.310000000000000053e+00,-1.325699099999999933e-04,2.310000000000000053e+00,-1.559012625000000187e-04,2.310000000000000053e+00,-1.624718559999999915e-04
2.319999999999999840e+00,-4.069850149999999745e-05,2.319999999999999840e+00,-9.381135500000000469e-05,2.319999999999999840e+00,-1.305758099999999779e-04,2.319999999999999840e+00,-1.539026150000000139e-04,2.319999999999999840e+00,-1.604727919999999705e-04
2.330000000000000071e+00,-3.979618399999999980e-05,2.330000000000000071e+00,-9.187471499999999743e-05,2.330000000000000071e+00,-1.285816250000000041e-04,2.330000000000000071e+00,-1.519040100000000019e-04,2.330000000000000071e+00,-1.584737280000000036e-04
2.339999999999999858e+00,-3.884758400000000011e-05,2.339999999999999858e+00,-8.993782000000000621e-05,2.339999999999999858e+00,-1.265874400000000031e-04,2.339999999999999858e+00,-1.499054049999999898e-04,2.339999999999999858e+00,-1.564747319999999818e-04
2.350000000000000089e+00,-3.785588049999999443e-05,2.350000000000000089e+00,-8.800066999999999037e-05,2.350000000000000089e+00,-1.245932549999999750e-04,2.350000000000000089e+00,-1.479067574999999850e-04,2.350000000000000089e+00,-1.544756679999999879e-04
2.359999999999999876e+00,-3.682393799999999546e-05,2.359999999999999876e+00,-8.606318000000000496e-05,2.359999999999999876e+00,-1.225990699999999741e-04,2.359999999999999876e+00,-1.459081525000000001e-04,2.359999999999999876e+00,-1.524766039999999939e-04
2.370000000000000107e+00,-3.575438299999999787e-05,2.370000000000000107e+00,-8.412553700000000750e-05,2.370000000000000107e+00,-1.206048850000000002e-04,2.370000000000000107e+00,-1.439095049999999953e-04,2.370000000000000107e+00,-1.504775399999999728e-04
2.379999999999999893e+00,-3.464959549999999198e-05,2.379999999999999893e+00,-8.218760499999999930e-05,2.379999999999999893e+00,-1.186106999999999857e-04,2.379999999999999893e+00,-1.419108999999999833e-04,2.379999999999999893e+00,-1.484784760000000059e-04
2.390000000000000124e+00,-3.351175149999999718e-05,2.390000000000000124e+00,-8.024942650000000028e-05,2.390000000000000124e+00,-1.166165149999999847e-04,2.390000000000000124e+00,-1.399122949999999984e-04,2.390000000000000124e+00,-1.464794799999999842e-04
2.399999999999999911e+00,-3.234283999999999407e-05,2.399999999999999911e+00,-7.831099300000000376e-05,2.399999999999999911e+00,-1.146223299999999838e-04,2.399999999999999911e+00,-1.379136475000000207e-04,2.399999999999999911e+00,-1.444804159999999902e-04
2.410000000000000142e+00,-3.114467999999999875e-05,2.410000000000000142e+00,-7.637232149999999601e-05,2.410000000000000142e+00,-1.126280599999999972e-04,2.410000000000000142e+00,-1.359150425000000086e-04,2.410000000000000142e+00,-1.424813519999999962e-04
2.419999999999999929e+00,-2.991895449999999818e-05,2.419999999999999929e+00,-7.443339500000000430e-05,2.419999999999999929e+00,-1.106338749999999962e-04,2.419999999999999929e+00,-1.339163950000000038e-04,2.419999999999999929e+00,-1.404822879999999751e-04
2.430000000000000160e+00,-2.866721049999999759e-05,2.430000000000000160e+00,-7.249423050000000136e-05,2.430000000000000160e+00,-1.086396899999999953e-04,2.430000000000000160e+00,-1.319177899999999918e-04,2.430000000000000160e+00,-1.384832239999999812e-04
2.439999999999999947e+00,-2.739087599999999996e-05,2.439999999999999947e+00,-7.055481949999999405e-05,2.439999999999999947e+00,-1.066455049999999943e-04,2.439999999999999947e+00,-1.299191425000000141e-04,2.439999999999999947e+00,-1.364841599999999872e-04
2.450000000000000178e+00,-2.609127699999999573e-05,2.450000000000000178e+00,-6.861517050000000262e-05,2.450000000000000178e+00,-1.046513199999999933e-04,2.450000000000000178e+00,-1.279205375000000021e-04,2.450000000000000178e+00,-1.344851639999999925e-04
2.459999999999999964e+00,-2.476964599999999659e-05,2.459999999999999964e+00,-6.667528350000001352e-05,2.459999999999999964e+00,-1.026571349999999924e-04,2.459999999999999964e+00,-1.259219324999999901e-04,2.459999999999999964e+00,-1.324860999999999986e-04
2.470000000000000195e+00,-2.342711349999999828e-05,2.470000000000000195e+00,-6.473516700000000632e-05,2.470000000000000195e+00,-1.006628649999999922e-04,2.470000000000000195e+00,-1.239232849999999852e-04,2.470000000000000195e+00,-1.304870360000000046e-04
2.479999999999999982e+00,-2.206475899999999702e-05,2.479999999999999982e+00,-6.279481250000000145e-05,2.479999999999999982e+00,-9.866867999999999125e-05,2.479999999999999982e+00,-1.219246800000000003e-04,2.479999999999999982e+00,-1.284879719999999835e-04
2.490000000000000213e+00,-2.068356000000000022e-05,2.490000000000000213e+00,-6.085422849999999883e-05,2.490000000000000213e+00,-9.667449499999999029e-05,2.490000000000000213e+00,-1.199260324999999955e-04,2.490000000000000213e+00,-1.264889079999999895e-04
2.500000000000000000e+00,-1.928445149999999874e-05,2.500000000000000000e+00,-5.891341500000000521e-05,2.500000000000000000e+00,-9.468022499999999015e-05,2.500000000000000000e+00,-1.179274274999999971e-04,2.500000000000000000e+00,-1.244898439999999956e-04
2.509999999999999787e+00,-1.786829199999999775e-05,2.509999999999999787e+00,-5.697236350000000037e-05,2.509999999999999787e+00,-9.268603999999998919e-05,2.509999999999999787e+00,-1.159287800000000058e-04,2.509999999999999787e+00,-1.224908479999999738e-04
2.520000000000000018e+00,-1.643590599999999937e-05,2.520000000000000018e+00,-5.503109950000000439e-05,2.520000000000000018e+00,-9.069185499999998822e-05,2.520000000000000018e+00,-1.139301749999999938e-04,2.520000000000000018e+00,-1.204917839999999934e-04
2.529999999999999805e+00,-1.498804149999999798e-05,2.529999999999999805e+00,-5.308959749999999717e-05,2.529999999999999805e+00,-8.869758499999998809e-05,2.529999999999999805e+00,-1.119315274999999890e-04,2.529999999999999805e+00,-1.184927199999999859e-04
2.540000000000000036e+00,-1.352541249999999847e-05,2.540000000000000036e+00,-5.114788299999999881e-05,2.540000000000000036e+00,-8.670340000000000067e-05,2.540000000000000036e+00,-1.099329224999999905e-04,2.540000000000000036e+00,-1.164936559999999783e-04
2.549999999999999822e+00,-1.204869049999999767e-05,2.549999999999999822e+00,-4.920593900000000268e-05,2.549999999999999822e+00,-8.470914700000000037e-05,2.549999999999999822e+00,-1.079342749999999992e-04,2.549999999999999822e+00,-1.144945919999999979e-04
2.560000000000000053e+00,-1.055849599999999799e-05,2.560000000000000053e+00,-4.726378250000000186e-05,2.560000000000000053e+00,-8.271491949999999304e-05,2.560000000000000053e+00,-1.059356700000000008e-04,2.560000000000000053e+00,-1.124955279999999904e-04
2.569999999999999840e+00,-9.055432499999998617e-06,2.569999999999999840e+00,-4.532140500000000319e-05,2.569999999999999840e+00,-8.072068349999999258e-05,2.569999999999999840e+00,-1.039370225000000095e-04,2.569999999999999840e+00,-1.104965319999999957e-04
2.580000000000000071e+00,-7.540050799999999431e-06,2.580000000000000071e+00,-4.337880650000000668e-05,2.580000000000000071e+00,-7.872645599999999880e-05,2.580000000000000071e+00,-1.019384175000000110e-04,2.580000000000000071e+00,-1.084974679999999882e-04
2.589999999999999858e+00,-6.012875349999999371e-06,2.589999999999999858e+00,-4.143600399999999861e-05,2.589999999999999858e+00,-7.673221999999999834e-05,2.589999999999999858e+00,-9.993976999999999267e-05,2.589999999999999858e+00,-1.064984039999999942e-04
2.600000000000000089e+00,-4.474400849999999368e-06,2.600000000000000089e+00,-3.949298049999999948e-05,2.600000000000000089e+00,-7.473798399999999787e-05,2.600000000000000089e+00,-9.794116499999999421e-05,2.600000000000000089e+00,-1.044993399999999867e-04
2.609999999999999876e+00,-2.925094799999999938e-06,2.609999999999999876e+00,-3.754974450000000242e-05,2.609999999999999876e+00,-7.274374799999998385e-05,2.609999999999999876e+00,-9.594251750000000294e-05,2.609999999999999876e+00,-1.025002759999999927e-04
2.620000000000000107e+00,-1.365397499999999703e-06,2.620000000000000107e+00,-3.560630450000000057e-05,2.620000000000000107e+00,-7.074950350000000379e-05,2.620000000000000107e+00,-9.394391250000000448e-05,2.620000000000000107e+00,-1.005012119999999987e-04
2.629999999999999893e+00,2.042736999999999904e-07,2.629999999999999893e+00,-3.366265200000000081e-05,2.629999999999999893e+00,-6.875525899999999663e-05,2.629999999999999893e+00,-9.194526499999999965e-05,2.629999999999999893e+00,-9.850221600000000409e-05
2.640000000000000124e+00,1.783520999999999682e-06,2.640000000000000124e+00,-3.171879550000000303e-05,2.640000000000000124e+00,-6.676101450000000302e-05,2.640000000000000124e+00,-8.994666000000000119e-05,2.640000000000000124e+00,-9.650315199999998301e-05
2.649999999999999911e+00,3.371983999999999630e-06,2.649999999999999911e+00,-2.977473500000000047e-05,2.649999999999999911e+00,-6.476676999999999586e-05,2.649999999999999911e+00,-8.794801250000000993e-05,2.649999999999999911e+00,-9.450408799999998903e-05
2.660000000000000142e+00,4.969295500000000202e-06,2.660000000000000142e+00,-2.783046199999999998e-05,2.660000000000000142e+00,-6.277251699999999556e-05,2.660000000000000142e+00,-8.594940749999999791e-05,2.660000000000000142e+00,-9.250502399999999505e-05
2.669999999999999929e+00,6.575123999999998917e-06,2.669999999999999929e+00,-2.588599349999999802e-05,2.669999999999999929e+00,-6.077826399999999526e-05,2.669999999999999929e+00,-8.395075999999999309e-05,2.669999999999999929e+00,-9.050595999999998752e-05
2.680000000000000160e+00,8.189154999999997999e-06,2.680000000000000160e+00,-2.394132949999999797e-05,2.680000000000000160e+00,-5.878401100000000173e-05,2.680000000000000160e+00,-8.195215499999999463e-05,2.680000000000000160e+00,-8.850689599999999354e-05
2.689999999999999947e+00,9.811124999999998328e-06,2.689999999999999947e+00,-2.199645299999999999e-05,2.689999999999999947e+00,-5.678975799999999466e-05,2.689999999999999947e+00,-7.995350750000000336e-05,2.689999999999999947e+00,-8.650783199999999957e-05
2.700000000000000178e+00,1.144065999999999932e-05,2.700000000000000178e+00,-2.005138950000000044e-05,2.700000000000000178e+00,-5.479549649999999444e-05,2.700000000000000178e+00,-7.795490250000000490e-05,2.700000000000000178e+00,-8.450883599999999137e-05
2.709999999999999964e+00,1.307750499999999838e-05,2.709999999999999964e+00,-1.810612200000000289e-05,2.709999999999999964e+00,-5.280124349999999414e-05,2.709999999999999964e+00,-7.595625500000000008e-05,2.709999999999999964e+00,-8.250977199999998384e-05
2.720000000000000195e+00,1.472148999999999887e-05,2.720000000000000195e+00,-1.616066750000000039e-05,2.720000000000000195e+00,-5.080697350000000078e-05,2.720000000000000195e+00,-7.395765000000000162e-05,2.720000000000000195e+00,-8.051070799999998986e-05
2.729999999999999982e+00,1.637227500000000072e-05,2.729999999999999982e+00,-1.421500899999999989e-05,2.729999999999999982e+00,-4.881271200000000056e-05,2.729999999999999982e+00,-7.195900249999999680e-05,2.729999999999999982e+00,-7.851164399999999589e-05
2.740000000000000213e+00,1.802968999999999712e-05,2.740000000000000213e+00,-1.226917199999999943e-05,2.740000000000000213e+00,-4.681844199999999365e-05,2.740000000000000213e+00,-6.996039749999999834e-05,2.740000000000000213e+00,-7.651257999999998836e-05
2.750000000000000000e+00,1.969339499999999646e-05,2.750000000000000000e+00,-1.032313100000000096e-05,2.750000000000000000e+00,-4.482417199999999351e-05,2.750000000000000000e+00,-6.796174999999999352e-05,2.750000000000000000e+00,-7.451351599999999438e-05
2.759999999999999787e+00,2.136338999999999876e-05,2.759999999999999787e+00,-8.376907250000000890e-06,2.759999999999999787e+00,-4.282990200000000015e-05,2.759999999999999787e+00,-6.596314499999999506e-05,2.759999999999999787e+00,-7.251445200000000040e-05
2.770000000000000018e+00,2.303924999999999799e-05,2.770000000000000018e+00,-6.430493949999999961e-06,2.770000000000000018e+00,-4.083563199999999324e-05,2.770000000000000018e+00,-6.396449750000000379e-05,2.770000000000000018e+00,-7.051545599999999221e-05
2.779999999999999805e+00,2.472097499999999755e-05,2.779999999999999805e+00,-4.483893650000000857e-06,2.779999999999999805e+00,-3.884135349999999319e-05,2.779999999999999805e+00,-6.196584999999999897e-05,2.779999999999999805e+00,-6.851639199999998468e-05
2.790000000000000036e+00,2.640813999999999819e-05,2.790000000000000036e+00,-2.537108050000000006e-06,2.790000000000000036e+00,-3.684707499999999314e-05,2.790000000000000036e+00,-5.996724500000000051e-05,2.790000000000000036e+00,-6.651731439999998541e-05
2.799999999999999822e+00,2.810082999999999909e-05,2.799999999999999822e+00,-5.901374050000000255e-07,2.799999999999999822e+00,-3.485279649999999986e-05,2.799999999999999822e+00,-5.796859750000000246e-05,2.799999999999999822e+00,-6.451826399999999672e-05
2.810000000000000053e+00,2.979870499999999679e-05,2.810000000000000053e+00,1.357016500000000020e-06,2.810000000000000053e+00,-3.285851799999999981e-05,2.810000000000000053e+00,-5.596999249999999723e-05,2.810000000000000053e+00,-6.251920679999999184e-05
2.819999999999999840e+00,3.150167999999999550e-05,2.819999999999999840e+00,3.304349499999999846e-06,2.819999999999999840e+00,-3.086423099999999306e-05,2.819999999999999840e+00,-5.397134499999999918e-05,2.819999999999999840e+00,-6.052014959999999373e-05
2.830000000000000071e+00,3.320949999999999434e-05,2.830000000000000071e+00,5.251869500000000387e-06,2.830000000000000071e+00,-2.886994399999999987e-05,2.830000000000000071e+00,-5.197274000000000072e-05,2.830000000000000071e+00,-5.852109919999999826e-05
2.839999999999999858e+00,3.492216499999999330e-05,2.839999999999999858e+00,7.199559499999999691e-06,2.839999999999999858e+00,-2.687565699999999651e-05,2.839999999999999858e+00,-4.997409249999999590e-05,2.839999999999999858e+00,-5.652204200000000015e-05
2.850000000000000089e+00,3.663942000000000164e-05,2.850000000000000089e+00,9.147445000000001321e-06,2.850000000000000089e+00,-2.488136999999999993e-05,2.850000000000000089e+00,-4.797548749999999744e-05,2.850000000000000089e+00,-5.452298479999999526e-05
2.859999999999999876e+00,3.836117999999999310e-05,2.859999999999999876e+00,1.109547500000000069e-05,2.859999999999999876e+00,-2.288707449999999666e-05,2.859999999999999876e+00,-4.597683999999999940e-05,2.859999999999999876e+00,-5.252393439999999980e-05
2.870000000000000107e+00,4.008735999999999561e-05,2.870000000000000107e+00,1.304367500000000179e-05,2.870000000000000107e+00,-2.089277900000000016e-05,2.870000000000000107e+00,-4.397819250000000135e-05,2.870000000000000107e+00,-5.052487719999999491e-05
2.879999999999999893e+00,4.181770499999999132e-05,2.879999999999999893e+00,1.499212999999999871e-05,2.879999999999999893e+00,-1.889848349999999688e-05,2.879999999999999893e+00,-4.197957900000000298e-05,2.879999999999999893e+00,-4.852581999999999680e-05
2.890000000000000124e+00,4.355212999999999462e-05,2.890000000000000124e+00,1.694066999999999988e-05,2.890000000000000124e+00,-1.690417950000000047e-05,2.890000000000000124e+00,-3.998094849999999799e-05,2.890000000000000124e+00,-4.652676959999999456e-05
2.899999999999999911e+00,4.529063499999999874e-05,2.899999999999999911e+00,1.888946500000000025e-05,2.899999999999999911e+00,-1.490988399999999719e-05,2.899999999999999911e+00,-3.798231799999999978e-05,2.899999999999999911e+00,-4.452771239999999645e-05
2.910000000000000142e+00,4.703296499999999261e-05,2.910000000000000142e+00,2.083834500000000318e-05,2.910000000000000142e+00,-1.291557999999999908e-05,2.910000000000000142e+00,-3.598368749999999479e-05,2.910000000000000142e+00,-4.252865519999999834e-05
2.919999999999999929e+00,4.877911999999999656e-05,2.919999999999999929e+00,2.278739500000000106e-05,2.919999999999999929e+00,-1.092126749999999936e-05,2.919999999999999929e+00,-3.398505699999999658e-05,2.919999999999999929e+00,-4.052959799999999345e-05
2.930000000000000160e+00,5.052892999999999193e-05,2.930000000000000160e+00,2.473669999999999984e-05,2.930000000000000160e+00,-8.926963499999999559e-06,2.930000000000000160e+00,-3.198642649999999837e-05,2.930000000000000160e+00,-3.853054759999999799e-05
2.939999999999999947e+00,5.228239499999999226e-05,2.939999999999999947e+00,2.668609000000000118e-05,2.939999999999999947e+00,-6.932653549999999136e-06,2.939999999999999947e+00,-2.998779599999999677e-05,2.939999999999999947e+00,-3.653149039999999310e-05
2.950000000000000178e+00,5.403926000000000004e-05,2.950000000000000178e+00,2.863573500000000341e-05,2.950000000000000178e+00,-4.938341899999999747e-06,2.950000000000000178e+00,-2.798916549999999856e-05,2.950000000000000178e+00,-3.453243320000000177e-05
2.959999999999999964e+00,5.579960999999999412e-05,2.959999999999999964e+00,3.058546500000000482e-05,2.959999999999999964e+00,-2.944027699999999789e-06,2.959999999999999964e+00,-2.599053500000000035e-05,2.959999999999999964e+00,-3.253337599999999688e-05
2.970000000000000195e+00,5.756318999999999732e-05,2.970000000000000195e+00,3.253536500000000456e-05,2.970000000000000195e+00,-9.497109500000000038e-07,2.970000000000000195e+00,-2.399190449999999875e-05,2.970000000000000195e+00,-3.053431879999999877e-05
2.979999999999999982e+00,5.932999999999999608e-05,2.979999999999999982e+00,3.448543500000000265e-05,2.979999999999999982e+00,1.044607499999999807e-06,2.979999999999999982e+00,-2.199327400000000054e-05,2.979999999999999982e+00,-2.853526839999999653e-05
2.990000000000000213e+00,6.109995499999998445e-05,2.990000000000000213e+00,3.643567499999999907e-05,2.990000000000000213e+00,3.038928499999999868e-06,2.990000000000000213e+00,-1.999464349999999894e-05,2.990000000000000213e+00,-2.653621119999999842e-05
3.000000000000000000e+00,6.287296999999999038e-05,3.000000000000000000e+00,3.838608500000000062e-05,3.000000000000000000e+00,5.033249499999999929e-06,3.000000000000000000e+00,-1.799600875000000077e-05,3.000000000000000000e+00,-2.453715399999999692e-05
3.009999999999999787e+00,6.464895999999999436e-05,3.009999999999999787e+00,4.033666500000000050e-05,3.009999999999999787e+00,7.027578999999999483e-06,3.009999999999999787e+00,-1.599737824999999917e-05,3.009999999999999787e+00,-2.253809679999999881e-05
3.020000000000000018e+00,6.642792499999999639e-05,3.020000000000000018e+00,4.228741500000000549e-05,3.020000000000000018e+00,9.021899999999999120e-06,3.020000000000000018e+00,-1.399874775000000096e-05,3.020000000000000018e+00,-2.053903959999999731e-05
3.029999999999999805e+00,6.820969499999999814e-05,3.029999999999999805e+00,4.423825000000000289e-05,3.029999999999999805e+00,1.101625499999999843e-05,3.029999999999999805e+00,-1.200011299999999940e-05,3.029999999999999805e+00,-1.853998239999999920e-05
3.040000000000000036e+00,6.999426999999999960e-05,3.040000000000000036e+00,4.618934000000000456e-05,3.040000000000000036e+00,1.301052499999999856e-05,3.040000000000000036e+00,-1.000148249999999949e-05,3.040000000000000036e+00,-1.654092519999999771e-05
3.049999999999999822e+00,7.178147999999998888e-05,3.049999999999999822e+00,4.814051500000000541e-05,3.049999999999999822e+00,1.500487999999999787e-05,3.049999999999999822e+00,-8.002851999999999590e-06,3.049999999999999822e+00,-1.454187479999999716e-05
3.060000000000000053e+00,7.357140999999999226e-05,3.060000000000000053e+00,5.009186000000000460e-05,3.060000000000000053e+00,1.699923499999999717e-05,3.060000000000000053e+00,-6.004217249999999726e-06,3.060000000000000053e+00,-1.254281759999999905e-05
3.069999999999999840e+00,7.536388999999999783e-05,3.069999999999999840e+00,5.204337500000000212e-05,3.069999999999999840e+00,1.899358999999999987e-05,3.069999999999999840e+00,-4.005586324999999656e-06,3.069999999999999840e+00,-1.054376039999999924e-05
3.080000000000000071e+00,7.715891999999999207e-05,3.080000000000000071e+00,5.399497500000000560e-05,3.080000000000000071e+00,2.098794499999999917e-05,3.080000000000000071e+00,-2.006953699999999771e-06,3.080000000000000071e+00,-8.544703199999999441e-06
3.089999999999999858e+00,7.895641499999998933e-05,3.089999999999999858e+00,5.594682999999999980e-05,3.089999999999999858e+00,2.298221499999999931e-05,3.089999999999999858e+00,-8.321015499999998851e-09,3.089999999999999858e+00,-6.545645319999999711e-06
3.100000000000000089e+00,8.075628999999999046e-05,3.100000000000000089e+00,5.789877000000000673e-05,3.100000000000000089e+00,2.497656999999999861e-05,3.100000000000000089e+00,1.990313249999999811e-06,3.100000000000000089e+00,-4.546588799999999833e-06
3.109999999999999876e+00,8.255854499999999545e-05,3.109999999999999876e+00,5.985088000000000522e-05,3.109999999999999876e+00,2.697092499999999792e-05,3.109999999999999876e+00,3.988943750000000563e-06,3.109999999999999876e+00,-2.547531599999999606e-06
3.120000000000000107e+00,8.436309499999999158e-05,3.120000000000000107e+00,6.180316000000000206e-05,3.120000000000000107e+00,2.896527999999999722e-05,3.120000000000000107e+00,5.987570000000000510e-06,3.120000000000000107e+00,-5.484748080000000111e-07
3.129999999999999893e+00,8.616959999999999572e-05,3.129999999999999893e+00,6.375552500000000484e-05,3.129999999999999893e+00,3.095963499999999653e-05,3.129999999999999893e+00,7.986217499999999402e-06,3.129999999999999893e+00,1.450582800000000002e-06
3.140000000000000124e+00,8.797924999999999626e-05,3.140000000000000124e+00,6.570805999999999240e-05,3.140000000000000124e+00,3.295398999999999583e-05,3.140000000000000124e+00,9.984865000000000835e-06,3.140000000000000124e+00,3.449639999999999383e-06
3.149999999999999911e+00,8.978974999999998850e-05,3.149999999999999911e+00,6.766076500000000541e-05,3.149999999999999911e+00,3.494834499999999514e-05,3.149999999999999911e+00,1.198347000000000099e-05,3.149999999999999911e+00,5.448697199999999187e-06
3.160000000000000142e+00,9.160364999999998819e-05,3.160000000000000142e+00,6.961364000000000321e-05,3.160000000000000142e+00,3.694270000000000122e-05,3.160000000000000142e+00,1.398211749999999903e-05,3.160000000000000142e+00,7.447767999999998350e-06
3.169999999999999929e+00,9.341839999999999313e-05,3.169999999999999929e+00,7.156660000000000018e-05,3.169999999999999929e+00,3.893705500000000053e-05,3.169999999999999929e+00,1.598076499999999877e-05,3.169999999999999929e+00,9.446831999999999951e-06
3.180000000000000160e+00,9.523570000000000028e-05,3.180000000000000160e+00,7.351972999999999549e-05,3.180000000000000160e+00,4.093140999999999983e-05,3.180000000000000160e+00,1.797936999999999723e-05,3.180000000000000160e+00,1.144589599999999901e-05
3.189999999999999947e+00,9.705554999999998253e-05,3.189999999999999947e+00,7.547303000000000269e-05,3.189999999999999947e+00,4.292576499999999914e-05,3.189999999999999947e+00,1.997801749999999867e-05,3.189999999999999947e+00,1.344489199999999873e-05
3.200000000000000178e+00,9.887709999999998883e-05,3.200000000000000178e+00,7.742649999999999468e-05,3.200000000000000178e+00,4.492011999999999844e-05,3.200000000000000178e+00,2.197666500000000010e-05,3.200000000000000178e+00,1.544395599999999949e-05
3.209999999999999964e+00,1.007003499999999921e-04,3.209999999999999964e+00,7.938005500000001294e-05,3.209999999999999964e+00,4.691447499999999775e-05,3.209999999999999964e+00,2.397526999999999856e-05,3.209999999999999964e+00,1.744302000000000024e-05
3.220000000000000195e+00,1.025252999999999787e-04,3.220000000000000195e+00,8.133369500000000327e-05,3.220000000000000195e+00,4.890891499999999622e-05,3.220000000000000195e+00,2.597391749999999999e-05,3.220000000000000195e+00,1.944208399999999761e-05
3.229999999999999982e+00,1.043519500000000030e-04,3.229999999999999982e+00,8.328759000000000466e-05,3.229999999999999982e+00,5.090326999999999553e-05,3.229999999999999982e+00,2.797256500000000143e-05,3.229999999999999982e+00,2.144114799999999836e-05
3.240000000000000213e+00,1.061802999999999835e-04,3.240000000000000213e+00,8.524140000000000688e-05,3.240000000000000213e+00,5.289762499999999483e-05,3.240000000000000213e+00,2.997116999999999989e-05,3.240000000000000213e+00,2.344021199999999912e-05
3.250000000000000000e+00,1.080111999999999934e-04,3.250000000000000000e+00,8.719554999999999223e-05,3.250000000000000000e+00,5.489197999999999414e-05,3.250000000000000000e+00,3.196981749999999793e-05,3.250000000000000000e+00,2.543927599999999987e-05
3.259999999999999787e+00,1.098429499999999950e-04,3.259999999999999787e+00,8.914970000000000468e-05,3.259999999999999787e+00,5.688641999999999939e-05,3.259999999999999787e+00,3.396846500000000275e-05,3.259999999999999787e+00,2.743833999999999724e-05
3.270000000000000018e+00,1.116772499999999852e-04,3.270000000000000018e+00,9.110469999999999528e-05,3.270000000000000018e+00,5.888077499999999870e-05,3.270000000000000018e+00,3.596707000000000121e-05,3.270000000000000018e+00,2.943740400000000138e-05
3.279999999999999805e+00,1.135123999999999807e-04,3.279999999999999805e+00,9.305884999999999418e-05,3.279999999999999805e+00,6.087512999999999800e-05,3.279999999999999805e+00,3.796571749999999926e-05,3.279999999999999805e+00,3.143646799999999536e-05
3.290000000000000036e+00,1.153500999999999919e-04,3.290000000000000036e+00,9.501384999999999833e-05,3.290000000000000036e+00,6.286956999999999648e-05,3.290000000000000036e+00,3.996436500000000408e-05,3.290000000000000036e+00,3.343553199999999611e-05
3.299999999999999822e+00,1.171886499999999812e-04,3.299999999999999822e+00,9.696799999999999723e-05,3.299999999999999822e+00,6.486392499999999578e-05,3.299999999999999822e+00,4.196301249999999535e-05,3.299999999999999822e+00,3.543459599999999686e-05
3.310000000000000053e+00,1.190288999999999811e-04,3.310000000000000053e+00,9.892300000000000138e-05,3.310000000000000053e+00,6.685827999999999509e-05,3.310000000000000053e+00,4.396157500000000100e-05,3.310000000000000053e+00,3.743359199999999828e-05
3.319999999999999840e+00,1.208708499999999915e-04,3.319999999999999840e+00,1.008780000000000055e-04,3.319999999999999840e+00,6.885271999999999356e-05,3.319999999999999840e+00,4.596034999999999780e-05,3.319999999999999840e+00,3.943265599999999904e-05
3.330000000000000071e+00,1.227136499999999936e-04,3.330000000000000071e+00,1.028338500000000014e-04,3.330000000000000071e+00,7.084707499999999287e-05,3.330000000000000071e+00,4.795869999999999875e-05,3.330000000000000071e+00,4.143171999999999979e-05
3.339999999999999858e+00,1.245589999999999978e-04,3.339999999999999858e+00,1.047888500000000055e-04,3.339999999999999858e+00,7.284151499999999134e-05,3.339999999999999858e+00,4.995747499999999555e-05,3.339999999999999858e+00,4.343078399999999377e-05
3.350000000000000089e+00,1.264051999999999938e-04,3.350000000000000089e+00,1.067438499999999961e-04,3.350000000000000089e+00,7.483586999999999065e-05,3.350000000000000089e+00,5.195624999999999912e-05,3.350000000000000089e+00,4.542984799999999452e-05
3.359999999999999876e+00,1.282531000000000003e-04,3.359999999999999876e+00,1.086996999999999920e-04,3.359999999999999876e+00,7.683030999999998912e-05,3.359999999999999876e+00,5.395460000000000007e-05,3.359999999999999876e+00,4.742891200000000205e-05
3.370000000000000107e+00,1.301018499999999985e-04,3.370000000000000107e+00,1.106555500000000014e-04,3.370000000000000107e+00,7.882466499999998843e-05,3.370000000000000107e+00,5.595337499999999687e-05,3.370000000000000107e+00,4.942797599999999603e-05
3.379999999999999893e+00,1.319522999999999801e-04,3.379999999999999893e+00,1.126113999999999972e-04,3.379999999999999893e+00,8.081910499999998691e-05,3.379999999999999893e+00,5.795215000000000045e-05,3.379999999999999893e+00,5.142703999999999678e-05
3.390000000000000124e+00,1.338044499999999993e-04,3.390000000000000124e+00,1.145672499999999931e-04,3.390000000000000124e+00,8.281345999999998621e-05,3.390000000000000124e+00,5.995092499999999725e-05,3.390000000000000124e+00,5.342610399999999076e-05
3.399999999999999911e+00,1.356574499999999830e-04,3.399999999999999911e+00,1.165231000000000025e-04,3.399999999999999911e+00,8.480789999999999824e-05,3.399999999999999911e+00,6.194927499999999820e-05,3.399999999999999911e+00,5.542516799999999829e-05
3.410000000000000142e+00,1.375121499999999773e-04,3.410000000000000142e+00,1.184798000000000172e-04,3.410000000000000142e+00,8.680200000000000003e-05,3.410000000000000142e+00,6.394804999999999500e-05,3.410000000000000142e+00,5.742423199999999227e-05
3.419999999999999929e+00,1.393676999999999904e-04,3.419999999999999929e+00,1.204356500000000130e-04,3.419999999999999929e+00,8.879694999999999353e-05,3.419999999999999929e+00,6.594682499999999180e-05,3.419999999999999929e+00,5.942329599999999980e-05
3.430000000000000160e+00,1.412249499999999869e-04,3.430000000000000160e+00,1.223923500000000141e-04,3.430000000000000160e+00,9.079104999999999532e-05,3.430000000000000160e+00,6.794517499999999275e-05,3.430000000000000160e+00,6.142229199999999444e-05
3.439999999999999947e+00,1.430830499999999751e-04,3.439999999999999947e+00,1.243490500000000152e-04,3.439999999999999947e+00,9.278514999999999712e-05,3.439999999999999947e+00,6.994395000000000310e-05,3.439999999999999947e+00,6.342135599999998842e-05
3.450000000000000178e+00,1.449428499999999738e-04,3.450000000000000178e+00,1.263057500000000163e-04,3.450000000000000178e+00,9.478009999999999062e-05,3.450000000000000178e+00,7.194272499999999990e-05,3.450000000000000178e+00,6.542041999999999595e-05
3.459999999999999964e+00,1.468034999999999913e-04,3.459999999999999964e+00,1.282624500000000174e-04,3.459999999999999964e+00,9.677419999999999241e-05,3.459999999999999964e+00,7.394107500000000085e-05,3.459999999999999964e+00,6.741948400000000348e-05
3.470000000000000195e+00,1.486649999999999734e-04,3.470000000000000195e+00,1.302191500000000185e-04,3.470000000000000195e+00,9.876914999999998591e-05,3.470000000000000195e+00,7.593985000000001121e-05,3.470000000000000195e+00,6.941847999999999812e-05
3.479999999999999982e+00,1.505281999999999931e-04,3.479999999999999982e+00,1.321767000000000113e-04,3.479999999999999982e+00,1.007632499999999877e-04,3.479999999999999982e+00,7.793862499999999445e-05,3.479999999999999982e+00,7.141767999999999077e-05
3.490000000000000213e+00,1.523922499999999774e-04,3.490000000000000213e+00,1.341334000000000124e-04,3.490000000000000213e+00,1.027573499999999895e-04,3.490000000000000213e+00,7.993697500000000896e-05,3.490000000000000213e+00,7.341687999999999697e-05
3.500000000000000000e+00,1.542579999999999993e-04,3.500000000000000000e+00,1.360909500000000052e-04,3.500000000000000000e+00,1.047522999999999965e-04,3.500000000000000000e+00,8.193575000000000576e-05,3.500000000000000000e+00,7.541607999999998962e-05
